detector,window_seconds,case,family,expected,highest_firing_threshold
ArpSpoofingDetector,1.0,scan_stealth_12ports,recon,0,
ArpSpoofingDetector,1.0,scan_moderate_25ports,recon,0,
ArpSpoofingDetector,1.0,scan_aggressive_60ports,recon,0,
ArpSpoofingDetector,1.0,scan_ack_25ports,recon,0,
ArpSpoofingDetector,1.0,lb_backend_probe_10ports,recon,0,
ArpSpoofingDetector,1.0,service_inventory_14ports,recon,0,
ArpSpoofingDetector,1.0,browser_session_4ports,recon,0,
ArpSpoofingDetector,1.0,syn_flood_moderate,flood,0,
ArpSpoofingDetector,1.0,syn_flood_heavy,flood,0,
ArpSpoofingDetector,1.0,udp_flood_moderate,flood,0,
ArpSpoofingDetector,1.0,udp_flood_heavy,flood,0,
ArpSpoofingDetector,1.0,icmp_flood_moderate,flood,0,
ArpSpoofingDetector,1.0,icmp_flood_heavy,flood,0,
ArpSpoofingDetector,1.0,busy_web_server_300,flood,0,
ArpSpoofingDetector,1.0,voip_stream_400,flood,0,
ArpSpoofingDetector,1.0,availability_ping_90,flood,0,
ArpSpoofingDetector,1.0,traceroute_burst_30,flood,0,
ArpSpoofingDetector,1.0,ssh_brute_slow_8,credentials,0,
ArpSpoofingDetector,1.0,ssh_brute_fast_40,credentials,0,
ArpSpoofingDetector,1.0,http_brute_slow_12,credentials,0,
ArpSpoofingDetector,1.0,http_brute_fast_60,credentials,0,
ArpSpoofingDetector,1.0,config_mgmt_ssh_14,credentials,0,
ArpSpoofingDetector,1.0,ci_runner_ssh_6,credentials,0,
ArpSpoofingDetector,1.0,sso_portal_18,credentials,0,
ArpSpoofingDetector,1.0,arp_spoof_light_6,arp,1,
ArpSpoofingDetector,1.0,arp_spoof_heavy_30,arp,1,6
ArpSpoofingDetector,1.0,arp_housekeeping_9,arp,0,2
ArpSpoofingDetector,1.0,beacon_5s_30,beaconing,0,
ArpSpoofingDetector,1.0,beacon_30s_18_jittered,beaconing,0,
ArpSpoofingDetector,1.0,beacon_60s_20,beaconing,0,
ArpSpoofingDetector,1.0,telemetry_agent_60s_20,beaconing,0,
ArpSpoofingDetector,1.0,healthcheck_poll_10s_40,beaconing,0,
ArpSpoofingDetector,1.0,human_browsing_burst,beaconing,0,
ArpSpoofingDetector,1.0,dns_tunnel_30q,dns,0,
ArpSpoofingDetector,1.0,dns_tunnel_120q,dns,0,
ArpSpoofingDetector,1.0,cdn_cache_keys_60q,dns,0,
ArpSpoofingDetector,1.0,reputation_lookups_80q,dns,0,
ArpSpoofingDetector,1.0,resolver_busy_300q,dns,0,
ArpSpoofingDetector,1.0,exfil_30mb,exfiltration,0,
ArpSpoofingDetector,1.0,exfil_120mb,exfiltration,0,
ArpSpoofingDetector,1.0,lateral_smb_15,exfiltration,0,
ArpSpoofingDetector,1.0,lateral_smb_40,exfiltration,0,
ArpSpoofingDetector,1.0,backup_upload_60mb,exfiltration,0,
ArpSpoofingDetector,1.0,video_call_25mb,exfiltration,0,
ArpSpoofingDetector,1.0,snmp_poll_18_hosts,exfiltration,0,
ArpSpoofingDetector,1.0,fileserver_clients_30,exfiltration,0,
ArpSpoofingDetector,1.0,backdoor_port_4444,baseline,0,
ArpSpoofingDetector,1.0,irc_client_6667,baseline,0,
ArpSpoofingDetector,1.0,ordinary_traffic,baseline,0,
ArpSpoofingDetector,5.0,scan_stealth_12ports,recon,0,
ArpSpoofingDetector,5.0,scan_moderate_25ports,recon,0,
ArpSpoofingDetector,5.0,scan_aggressive_60ports,recon,0,
ArpSpoofingDetector,5.0,scan_ack_25ports,recon,0,
ArpSpoofingDetector,5.0,lb_backend_probe_10ports,recon,0,
ArpSpoofingDetector,5.0,service_inventory_14ports,recon,0,
ArpSpoofingDetector,5.0,browser_session_4ports,recon,0,
ArpSpoofingDetector,5.0,syn_flood_moderate,flood,0,
ArpSpoofingDetector,5.0,syn_flood_heavy,flood,0,
ArpSpoofingDetector,5.0,udp_flood_moderate,flood,0,
ArpSpoofingDetector,5.0,udp_flood_heavy,flood,0,
ArpSpoofingDetector,5.0,icmp_flood_moderate,flood,0,
ArpSpoofingDetector,5.0,icmp_flood_heavy,flood,0,
ArpSpoofingDetector,5.0,busy_web_server_300,flood,0,
ArpSpoofingDetector,5.0,voip_stream_400,flood,0,
ArpSpoofingDetector,5.0,availability_ping_90,flood,0,
ArpSpoofingDetector,5.0,traceroute_burst_30,flood,0,
ArpSpoofingDetector,5.0,ssh_brute_slow_8,credentials,0,
ArpSpoofingDetector,5.0,ssh_brute_fast_40,credentials,0,
ArpSpoofingDetector,5.0,http_brute_slow_12,credentials,0,
ArpSpoofingDetector,5.0,http_brute_fast_60,credentials,0,
ArpSpoofingDetector,5.0,config_mgmt_ssh_14,credentials,0,
ArpSpoofingDetector,5.0,ci_runner_ssh_6,credentials,0,
ArpSpoofingDetector,5.0,sso_portal_18,credentials,0,
ArpSpoofingDetector,5.0,arp_spoof_light_6,arp,1,2
ArpSpoofingDetector,5.0,arp_spoof_heavy_30,arp,1,15
ArpSpoofingDetector,5.0,arp_housekeeping_9,arp,0,4
ArpSpoofingDetector,5.0,beacon_5s_30,beaconing,0,
ArpSpoofingDetector,5.0,beacon_30s_18_jittered,beaconing,0,
ArpSpoofingDetector,5.0,beacon_60s_20,beaconing,0,
ArpSpoofingDetector,5.0,telemetry_agent_60s_20,beaconing,0,
ArpSpoofingDetector,5.0,healthcheck_poll_10s_40,beaconing,0,
ArpSpoofingDetector,5.0,human_browsing_burst,beaconing,0,
ArpSpoofingDetector,5.0,dns_tunnel_30q,dns,0,
ArpSpoofingDetector,5.0,dns_tunnel_120q,dns,0,
ArpSpoofingDetector,5.0,cdn_cache_keys_60q,dns,0,
ArpSpoofingDetector,5.0,reputation_lookups_80q,dns,0,
ArpSpoofingDetector,5.0,resolver_busy_300q,dns,0,
ArpSpoofingDetector,5.0,exfil_30mb,exfiltration,0,
ArpSpoofingDetector,5.0,exfil_120mb,exfiltration,0,
ArpSpoofingDetector,5.0,lateral_smb_15,exfiltration,0,
ArpSpoofingDetector,5.0,lateral_smb_40,exfiltration,0,
ArpSpoofingDetector,5.0,backup_upload_60mb,exfiltration,0,
ArpSpoofingDetector,5.0,video_call_25mb,exfiltration,0,
ArpSpoofingDetector,5.0,snmp_poll_18_hosts,exfiltration,0,
ArpSpoofingDetector,5.0,fileserver_clients_30,exfiltration,0,
ArpSpoofingDetector,5.0,backdoor_port_4444,baseline,0,
ArpSpoofingDetector,5.0,irc_client_6667,baseline,0,
ArpSpoofingDetector,5.0,ordinary_traffic,baseline,0,
ArpSpoofingDetector,10.0,scan_stealth_12ports,recon,0,
ArpSpoofingDetector,10.0,scan_moderate_25ports,recon,0,
ArpSpoofingDetector,10.0,scan_aggressive_60ports,recon,0,
ArpSpoofingDetector,10.0,scan_ack_25ports,recon,0,
ArpSpoofingDetector,10.0,lb_backend_probe_10ports,recon,0,
ArpSpoofingDetector,10.0,service_inventory_14ports,recon,0,
ArpSpoofingDetector,10.0,browser_session_4ports,recon,0,
ArpSpoofingDetector,10.0,syn_flood_moderate,flood,0,
ArpSpoofingDetector,10.0,syn_flood_heavy,flood,0,
ArpSpoofingDetector,10.0,udp_flood_moderate,flood,0,
ArpSpoofingDetector,10.0,udp_flood_heavy,flood,0,
ArpSpoofingDetector,10.0,icmp_flood_moderate,flood,0,
ArpSpoofingDetector,10.0,icmp_flood_heavy,flood,0,
ArpSpoofingDetector,10.0,busy_web_server_300,flood,0,
ArpSpoofingDetector,10.0,voip_stream_400,flood,0,
ArpSpoofingDetector,10.0,availability_ping_90,flood,0,
ArpSpoofingDetector,10.0,traceroute_burst_30,flood,0,
ArpSpoofingDetector,10.0,ssh_brute_slow_8,credentials,0,
ArpSpoofingDetector,10.0,ssh_brute_fast_40,credentials,0,
ArpSpoofingDetector,10.0,http_brute_slow_12,credentials,0,
ArpSpoofingDetector,10.0,http_brute_fast_60,credentials,0,
ArpSpoofingDetector,10.0,config_mgmt_ssh_14,credentials,0,
ArpSpoofingDetector,10.0,ci_runner_ssh_6,credentials,0,
ArpSpoofingDetector,10.0,sso_portal_18,credentials,0,
ArpSpoofingDetector,10.0,arp_spoof_light_6,arp,1,4
ArpSpoofingDetector,10.0,arp_spoof_heavy_30,arp,1,25
ArpSpoofingDetector,10.0,arp_housekeeping_9,arp,0,5
ArpSpoofingDetector,10.0,beacon_5s_30,beaconing,0,
ArpSpoofingDetector,10.0,beacon_30s_18_jittered,beaconing,0,
ArpSpoofingDetector,10.0,beacon_60s_20,beaconing,0,
ArpSpoofingDetector,10.0,telemetry_agent_60s_20,beaconing,0,
ArpSpoofingDetector,10.0,healthcheck_poll_10s_40,beaconing,0,
ArpSpoofingDetector,10.0,human_browsing_burst,beaconing,0,
ArpSpoofingDetector,10.0,dns_tunnel_30q,dns,0,
ArpSpoofingDetector,10.0,dns_tunnel_120q,dns,0,
ArpSpoofingDetector,10.0,cdn_cache_keys_60q,dns,0,
ArpSpoofingDetector,10.0,reputation_lookups_80q,dns,0,
ArpSpoofingDetector,10.0,resolver_busy_300q,dns,0,
ArpSpoofingDetector,10.0,exfil_30mb,exfiltration,0,
ArpSpoofingDetector,10.0,exfil_120mb,exfiltration,0,
ArpSpoofingDetector,10.0,lateral_smb_15,exfiltration,0,
ArpSpoofingDetector,10.0,lateral_smb_40,exfiltration,0,
ArpSpoofingDetector,10.0,backup_upload_60mb,exfiltration,0,
ArpSpoofingDetector,10.0,video_call_25mb,exfiltration,0,
ArpSpoofingDetector,10.0,snmp_poll_18_hosts,exfiltration,0,
ArpSpoofingDetector,10.0,fileserver_clients_30,exfiltration,0,
ArpSpoofingDetector,10.0,backdoor_port_4444,baseline,0,
ArpSpoofingDetector,10.0,irc_client_6667,baseline,0,
ArpSpoofingDetector,10.0,ordinary_traffic,baseline,0,
ArpSpoofingDetector,30.0,scan_stealth_12ports,recon,0,
ArpSpoofingDetector,30.0,scan_moderate_25ports,recon,0,
ArpSpoofingDetector,30.0,scan_aggressive_60ports,recon,0,
ArpSpoofingDetector,30.0,scan_ack_25ports,recon,0,
ArpSpoofingDetector,30.0,lb_backend_probe_10ports,recon,0,
ArpSpoofingDetector,30.0,service_inventory_14ports,recon,0,
ArpSpoofingDetector,30.0,browser_session_4ports,recon,0,
ArpSpoofingDetector,30.0,syn_flood_moderate,flood,0,
ArpSpoofingDetector,30.0,syn_flood_heavy,flood,0,
ArpSpoofingDetector,30.0,udp_flood_moderate,flood,0,
ArpSpoofingDetector,30.0,udp_flood_heavy,flood,0,
ArpSpoofingDetector,30.0,icmp_flood_moderate,flood,0,
ArpSpoofingDetector,30.0,icmp_flood_heavy,flood,0,
ArpSpoofingDetector,30.0,busy_web_server_300,flood,0,
ArpSpoofingDetector,30.0,voip_stream_400,flood,0,
ArpSpoofingDetector,30.0,availability_ping_90,flood,0,
ArpSpoofingDetector,30.0,traceroute_burst_30,flood,0,
ArpSpoofingDetector,30.0,ssh_brute_slow_8,credentials,0,
ArpSpoofingDetector,30.0,ssh_brute_fast_40,credentials,0,
ArpSpoofingDetector,30.0,http_brute_slow_12,credentials,0,
ArpSpoofingDetector,30.0,http_brute_fast_60,credentials,0,
ArpSpoofingDetector,30.0,config_mgmt_ssh_14,credentials,0,
ArpSpoofingDetector,30.0,ci_runner_ssh_6,credentials,0,
ArpSpoofingDetector,30.0,sso_portal_18,credentials,0,
ArpSpoofingDetector,30.0,arp_spoof_light_6,arp,1,6
ArpSpoofingDetector,30.0,arp_spoof_heavy_30,arp,1,25
ArpSpoofingDetector,30.0,arp_housekeeping_9,arp,0,8
ArpSpoofingDetector,30.0,beacon_5s_30,beaconing,0,
ArpSpoofingDetector,30.0,beacon_30s_18_jittered,beaconing,0,
ArpSpoofingDetector,30.0,beacon_60s_20,beaconing,0,
ArpSpoofingDetector,30.0,telemetry_agent_60s_20,beaconing,0,
ArpSpoofingDetector,30.0,healthcheck_poll_10s_40,beaconing,0,
ArpSpoofingDetector,30.0,human_browsing_burst,beaconing,0,
ArpSpoofingDetector,30.0,dns_tunnel_30q,dns,0,
ArpSpoofingDetector,30.0,dns_tunnel_120q,dns,0,
ArpSpoofingDetector,30.0,cdn_cache_keys_60q,dns,0,
ArpSpoofingDetector,30.0,reputation_lookups_80q,dns,0,
ArpSpoofingDetector,30.0,resolver_busy_300q,dns,0,
ArpSpoofingDetector,30.0,exfil_30mb,exfiltration,0,
ArpSpoofingDetector,30.0,exfil_120mb,exfiltration,0,
ArpSpoofingDetector,30.0,lateral_smb_15,exfiltration,0,
ArpSpoofingDetector,30.0,lateral_smb_40,exfiltration,0,
ArpSpoofingDetector,30.0,backup_upload_60mb,exfiltration,0,
ArpSpoofingDetector,30.0,video_call_25mb,exfiltration,0,
ArpSpoofingDetector,30.0,snmp_poll_18_hosts,exfiltration,0,
ArpSpoofingDetector,30.0,fileserver_clients_30,exfiltration,0,
ArpSpoofingDetector,30.0,backdoor_port_4444,baseline,0,
ArpSpoofingDetector,30.0,irc_client_6667,baseline,0,
ArpSpoofingDetector,30.0,ordinary_traffic,baseline,0,
ArpSpoofingDetector,60.0,scan_stealth_12ports,recon,0,
ArpSpoofingDetector,60.0,scan_moderate_25ports,recon,0,
ArpSpoofingDetector,60.0,scan_aggressive_60ports,recon,0,
ArpSpoofingDetector,60.0,scan_ack_25ports,recon,0,
ArpSpoofingDetector,60.0,lb_backend_probe_10ports,recon,0,
ArpSpoofingDetector,60.0,service_inventory_14ports,recon,0,
ArpSpoofingDetector,60.0,browser_session_4ports,recon,0,
ArpSpoofingDetector,60.0,syn_flood_moderate,flood,0,
ArpSpoofingDetector,60.0,syn_flood_heavy,flood,0,
ArpSpoofingDetector,60.0,udp_flood_moderate,flood,0,
ArpSpoofingDetector,60.0,udp_flood_heavy,flood,0,
ArpSpoofingDetector,60.0,icmp_flood_moderate,flood,0,
ArpSpoofingDetector,60.0,icmp_flood_heavy,flood,0,
ArpSpoofingDetector,60.0,busy_web_server_300,flood,0,
ArpSpoofingDetector,60.0,voip_stream_400,flood,0,
ArpSpoofingDetector,60.0,availability_ping_90,flood,0,
ArpSpoofingDetector,60.0,traceroute_burst_30,flood,0,
ArpSpoofingDetector,60.0,ssh_brute_slow_8,credentials,0,
ArpSpoofingDetector,60.0,ssh_brute_fast_40,credentials,0,
ArpSpoofingDetector,60.0,http_brute_slow_12,credentials,0,
ArpSpoofingDetector,60.0,http_brute_fast_60,credentials,0,
ArpSpoofingDetector,60.0,config_mgmt_ssh_14,credentials,0,
ArpSpoofingDetector,60.0,ci_runner_ssh_6,credentials,0,
ArpSpoofingDetector,60.0,sso_portal_18,credentials,0,
ArpSpoofingDetector,60.0,arp_spoof_light_6,arp,1,6
ArpSpoofingDetector,60.0,arp_spoof_heavy_30,arp,1,25
ArpSpoofingDetector,60.0,arp_housekeeping_9,arp,0,8
ArpSpoofingDetector,60.0,beacon_5s_30,beaconing,0,
ArpSpoofingDetector,60.0,beacon_30s_18_jittered,beaconing,0,
ArpSpoofingDetector,60.0,beacon_60s_20,beaconing,0,
ArpSpoofingDetector,60.0,telemetry_agent_60s_20,beaconing,0,
ArpSpoofingDetector,60.0,healthcheck_poll_10s_40,beaconing,0,
ArpSpoofingDetector,60.0,human_browsing_burst,beaconing,0,
ArpSpoofingDetector,60.0,dns_tunnel_30q,dns,0,
ArpSpoofingDetector,60.0,dns_tunnel_120q,dns,0,
ArpSpoofingDetector,60.0,cdn_cache_keys_60q,dns,0,
ArpSpoofingDetector,60.0,reputation_lookups_80q,dns,0,
ArpSpoofingDetector,60.0,resolver_busy_300q,dns,0,
ArpSpoofingDetector,60.0,exfil_30mb,exfiltration,0,
ArpSpoofingDetector,60.0,exfil_120mb,exfiltration,0,
ArpSpoofingDetector,60.0,lateral_smb_15,exfiltration,0,
ArpSpoofingDetector,60.0,lateral_smb_40,exfiltration,0,
ArpSpoofingDetector,60.0,backup_upload_60mb,exfiltration,0,
ArpSpoofingDetector,60.0,video_call_25mb,exfiltration,0,
ArpSpoofingDetector,60.0,snmp_poll_18_hosts,exfiltration,0,
ArpSpoofingDetector,60.0,fileserver_clients_30,exfiltration,0,
ArpSpoofingDetector,60.0,backdoor_port_4444,baseline,0,
ArpSpoofingDetector,60.0,irc_client_6667,baseline,0,
ArpSpoofingDetector,60.0,ordinary_traffic,baseline,0,
ArpSpoofingDetector,300.0,scan_stealth_12ports,recon,0,
ArpSpoofingDetector,300.0,scan_moderate_25ports,recon,0,
ArpSpoofingDetector,300.0,scan_aggressive_60ports,recon,0,
ArpSpoofingDetector,300.0,scan_ack_25ports,recon,0,
ArpSpoofingDetector,300.0,lb_backend_probe_10ports,recon,0,
ArpSpoofingDetector,300.0,service_inventory_14ports,recon,0,
ArpSpoofingDetector,300.0,browser_session_4ports,recon,0,
ArpSpoofingDetector,300.0,syn_flood_moderate,flood,0,
ArpSpoofingDetector,300.0,syn_flood_heavy,flood,0,
ArpSpoofingDetector,300.0,udp_flood_moderate,flood,0,
ArpSpoofingDetector,300.0,udp_flood_heavy,flood,0,
ArpSpoofingDetector,300.0,icmp_flood_moderate,flood,0,
ArpSpoofingDetector,300.0,icmp_flood_heavy,flood,0,
ArpSpoofingDetector,300.0,busy_web_server_300,flood,0,
ArpSpoofingDetector,300.0,voip_stream_400,flood,0,
ArpSpoofingDetector,300.0,availability_ping_90,flood,0,
ArpSpoofingDetector,300.0,traceroute_burst_30,flood,0,
ArpSpoofingDetector,300.0,ssh_brute_slow_8,credentials,0,
ArpSpoofingDetector,300.0,ssh_brute_fast_40,credentials,0,
ArpSpoofingDetector,300.0,http_brute_slow_12,credentials,0,
ArpSpoofingDetector,300.0,http_brute_fast_60,credentials,0,
ArpSpoofingDetector,300.0,config_mgmt_ssh_14,credentials,0,
ArpSpoofingDetector,300.0,ci_runner_ssh_6,credentials,0,
ArpSpoofingDetector,300.0,sso_portal_18,credentials,0,
ArpSpoofingDetector,300.0,arp_spoof_light_6,arp,1,6
ArpSpoofingDetector,300.0,arp_spoof_heavy_30,arp,1,25
ArpSpoofingDetector,300.0,arp_housekeeping_9,arp,0,8
ArpSpoofingDetector,300.0,beacon_5s_30,beaconing,0,
ArpSpoofingDetector,300.0,beacon_30s_18_jittered,beaconing,0,
ArpSpoofingDetector,300.0,beacon_60s_20,beaconing,0,
ArpSpoofingDetector,300.0,telemetry_agent_60s_20,beaconing,0,
ArpSpoofingDetector,300.0,healthcheck_poll_10s_40,beaconing,0,
ArpSpoofingDetector,300.0,human_browsing_burst,beaconing,0,
ArpSpoofingDetector,300.0,dns_tunnel_30q,dns,0,
ArpSpoofingDetector,300.0,dns_tunnel_120q,dns,0,
ArpSpoofingDetector,300.0,cdn_cache_keys_60q,dns,0,
ArpSpoofingDetector,300.0,reputation_lookups_80q,dns,0,
ArpSpoofingDetector,300.0,resolver_busy_300q,dns,0,
ArpSpoofingDetector,300.0,exfil_30mb,exfiltration,0,
ArpSpoofingDetector,300.0,exfil_120mb,exfiltration,0,
ArpSpoofingDetector,300.0,lateral_smb_15,exfiltration,0,
ArpSpoofingDetector,300.0,lateral_smb_40,exfiltration,0,
ArpSpoofingDetector,300.0,backup_upload_60mb,exfiltration,0,
ArpSpoofingDetector,300.0,video_call_25mb,exfiltration,0,
ArpSpoofingDetector,300.0,snmp_poll_18_hosts,exfiltration,0,
ArpSpoofingDetector,300.0,fileserver_clients_30,exfiltration,0,
ArpSpoofingDetector,300.0,backdoor_port_4444,baseline,0,
ArpSpoofingDetector,300.0,irc_client_6667,baseline,0,
ArpSpoofingDetector,300.0,ordinary_traffic,baseline,0,
ArpSpoofingDetector,3600.0,scan_stealth_12ports,recon,0,
ArpSpoofingDetector,3600.0,scan_moderate_25ports,recon,0,
ArpSpoofingDetector,3600.0,scan_aggressive_60ports,recon,0,
ArpSpoofingDetector,3600.0,scan_ack_25ports,recon,0,
ArpSpoofingDetector,3600.0,lb_backend_probe_10ports,recon,0,
ArpSpoofingDetector,3600.0,service_inventory_14ports,recon,0,
ArpSpoofingDetector,3600.0,browser_session_4ports,recon,0,
ArpSpoofingDetector,3600.0,syn_flood_moderate,flood,0,
ArpSpoofingDetector,3600.0,syn_flood_heavy,flood,0,
ArpSpoofingDetector,3600.0,udp_flood_moderate,flood,0,
ArpSpoofingDetector,3600.0,udp_flood_heavy,flood,0,
ArpSpoofingDetector,3600.0,icmp_flood_moderate,flood,0,
ArpSpoofingDetector,3600.0,icmp_flood_heavy,flood,0,
ArpSpoofingDetector,3600.0,busy_web_server_300,flood,0,
ArpSpoofingDetector,3600.0,voip_stream_400,flood,0,
ArpSpoofingDetector,3600.0,availability_ping_90,flood,0,
ArpSpoofingDetector,3600.0,traceroute_burst_30,flood,0,
ArpSpoofingDetector,3600.0,ssh_brute_slow_8,credentials,0,
ArpSpoofingDetector,3600.0,ssh_brute_fast_40,credentials,0,
ArpSpoofingDetector,3600.0,http_brute_slow_12,credentials,0,
ArpSpoofingDetector,3600.0,http_brute_fast_60,credentials,0,
ArpSpoofingDetector,3600.0,config_mgmt_ssh_14,credentials,0,
ArpSpoofingDetector,3600.0,ci_runner_ssh_6,credentials,0,
ArpSpoofingDetector,3600.0,sso_portal_18,credentials,0,
ArpSpoofingDetector,3600.0,arp_spoof_light_6,arp,1,6
ArpSpoofingDetector,3600.0,arp_spoof_heavy_30,arp,1,25
ArpSpoofingDetector,3600.0,arp_housekeeping_9,arp,0,8
ArpSpoofingDetector,3600.0,beacon_5s_30,beaconing,0,
ArpSpoofingDetector,3600.0,beacon_30s_18_jittered,beaconing,0,
ArpSpoofingDetector,3600.0,beacon_60s_20,beaconing,0,
ArpSpoofingDetector,3600.0,telemetry_agent_60s_20,beaconing,0,
ArpSpoofingDetector,3600.0,healthcheck_poll_10s_40,beaconing,0,
ArpSpoofingDetector,3600.0,human_browsing_burst,beaconing,0,
ArpSpoofingDetector,3600.0,dns_tunnel_30q,dns,0,
ArpSpoofingDetector,3600.0,dns_tunnel_120q,dns,0,
ArpSpoofingDetector,3600.0,cdn_cache_keys_60q,dns,0,
ArpSpoofingDetector,3600.0,reputation_lookups_80q,dns,0,
ArpSpoofingDetector,3600.0,resolver_busy_300q,dns,0,
ArpSpoofingDetector,3600.0,exfil_30mb,exfiltration,0,
ArpSpoofingDetector,3600.0,exfil_120mb,exfiltration,0,
ArpSpoofingDetector,3600.0,lateral_smb_15,exfiltration,0,
ArpSpoofingDetector,3600.0,lateral_smb_40,exfiltration,0,
ArpSpoofingDetector,3600.0,backup_upload_60mb,exfiltration,0,
ArpSpoofingDetector,3600.0,video_call_25mb,exfiltration,0,
ArpSpoofingDetector,3600.0,snmp_poll_18_hosts,exfiltration,0,
ArpSpoofingDetector,3600.0,fileserver_clients_30,exfiltration,0,
ArpSpoofingDetector,3600.0,backdoor_port_4444,baseline,0,
ArpSpoofingDetector,3600.0,irc_client_6667,baseline,0,
ArpSpoofingDetector,3600.0,ordinary_traffic,baseline,0,
BeaconingDetector,1.0,scan_stealth_12ports,recon,0,
BeaconingDetector,1.0,scan_moderate_25ports,recon,0,
BeaconingDetector,1.0,scan_aggressive_60ports,recon,0,
BeaconingDetector,1.0,scan_ack_25ports,recon,0,
BeaconingDetector,1.0,lb_backend_probe_10ports,recon,0,
BeaconingDetector,1.0,service_inventory_14ports,recon,0,
BeaconingDetector,1.0,browser_session_4ports,recon,0,
BeaconingDetector,1.0,syn_flood_moderate,flood,0,
BeaconingDetector,1.0,syn_flood_heavy,flood,0,
BeaconingDetector,1.0,udp_flood_moderate,flood,0,
BeaconingDetector,1.0,udp_flood_heavy,flood,0,
BeaconingDetector,1.0,icmp_flood_moderate,flood,0,
BeaconingDetector,1.0,icmp_flood_heavy,flood,0,
BeaconingDetector,1.0,busy_web_server_300,flood,0,
BeaconingDetector,1.0,voip_stream_400,flood,0,
BeaconingDetector,1.0,availability_ping_90,flood,0,
BeaconingDetector,1.0,traceroute_burst_30,flood,0,
BeaconingDetector,1.0,ssh_brute_slow_8,credentials,0,
BeaconingDetector,1.0,ssh_brute_fast_40,credentials,0,
BeaconingDetector,1.0,http_brute_slow_12,credentials,0,
BeaconingDetector,1.0,http_brute_fast_60,credentials,0,
BeaconingDetector,1.0,config_mgmt_ssh_14,credentials,0,
BeaconingDetector,1.0,ci_runner_ssh_6,credentials,0,
BeaconingDetector,1.0,sso_portal_18,credentials,0,
BeaconingDetector,1.0,arp_spoof_light_6,arp,0,
BeaconingDetector,1.0,arp_spoof_heavy_30,arp,0,
BeaconingDetector,1.0,arp_housekeeping_9,arp,0,
BeaconingDetector,1.0,beacon_5s_30,beaconing,1,
BeaconingDetector,1.0,beacon_30s_18_jittered,beaconing,1,
BeaconingDetector,1.0,beacon_60s_20,beaconing,1,
BeaconingDetector,1.0,telemetry_agent_60s_20,beaconing,0,
BeaconingDetector,1.0,healthcheck_poll_10s_40,beaconing,0,
BeaconingDetector,1.0,human_browsing_burst,beaconing,0,
BeaconingDetector,1.0,dns_tunnel_30q,dns,0,
BeaconingDetector,1.0,dns_tunnel_120q,dns,0,
BeaconingDetector,1.0,cdn_cache_keys_60q,dns,0,
BeaconingDetector,1.0,reputation_lookups_80q,dns,0,
BeaconingDetector,1.0,resolver_busy_300q,dns,0,
BeaconingDetector,1.0,exfil_30mb,exfiltration,0,
BeaconingDetector,1.0,exfil_120mb,exfiltration,0,
BeaconingDetector,1.0,lateral_smb_15,exfiltration,0,
BeaconingDetector,1.0,lateral_smb_40,exfiltration,0,
BeaconingDetector,1.0,backup_upload_60mb,exfiltration,0,
BeaconingDetector,1.0,video_call_25mb,exfiltration,0,
BeaconingDetector,1.0,snmp_poll_18_hosts,exfiltration,0,
BeaconingDetector,1.0,fileserver_clients_30,exfiltration,0,
BeaconingDetector,1.0,backdoor_port_4444,baseline,0,
BeaconingDetector,1.0,irc_client_6667,baseline,0,
BeaconingDetector,1.0,ordinary_traffic,baseline,0,
BeaconingDetector,5.0,scan_stealth_12ports,recon,0,
BeaconingDetector,5.0,scan_moderate_25ports,recon,0,
BeaconingDetector,5.0,scan_aggressive_60ports,recon,0,
BeaconingDetector,5.0,scan_ack_25ports,recon,0,
BeaconingDetector,5.0,lb_backend_probe_10ports,recon,0,
BeaconingDetector,5.0,service_inventory_14ports,recon,0,
BeaconingDetector,5.0,browser_session_4ports,recon,0,
BeaconingDetector,5.0,syn_flood_moderate,flood,0,
BeaconingDetector,5.0,syn_flood_heavy,flood,0,
BeaconingDetector,5.0,udp_flood_moderate,flood,0,
BeaconingDetector,5.0,udp_flood_heavy,flood,0,
BeaconingDetector,5.0,icmp_flood_moderate,flood,0,
BeaconingDetector,5.0,icmp_flood_heavy,flood,0,
BeaconingDetector,5.0,busy_web_server_300,flood,0,
BeaconingDetector,5.0,voip_stream_400,flood,0,
BeaconingDetector,5.0,availability_ping_90,flood,0,
BeaconingDetector,5.0,traceroute_burst_30,flood,0,
BeaconingDetector,5.0,ssh_brute_slow_8,credentials,0,
BeaconingDetector,5.0,ssh_brute_fast_40,credentials,0,
BeaconingDetector,5.0,http_brute_slow_12,credentials,0,
BeaconingDetector,5.0,http_brute_fast_60,credentials,0,
BeaconingDetector,5.0,config_mgmt_ssh_14,credentials,0,
BeaconingDetector,5.0,ci_runner_ssh_6,credentials,0,
BeaconingDetector,5.0,sso_portal_18,credentials,0,
BeaconingDetector,5.0,arp_spoof_light_6,arp,0,
BeaconingDetector,5.0,arp_spoof_heavy_30,arp,0,
BeaconingDetector,5.0,arp_housekeeping_9,arp,0,
BeaconingDetector,5.0,beacon_5s_30,beaconing,1,
BeaconingDetector,5.0,beacon_30s_18_jittered,beaconing,1,
BeaconingDetector,5.0,beacon_60s_20,beaconing,1,
BeaconingDetector,5.0,telemetry_agent_60s_20,beaconing,0,
BeaconingDetector,5.0,healthcheck_poll_10s_40,beaconing,0,
BeaconingDetector,5.0,human_browsing_burst,beaconing,0,
BeaconingDetector,5.0,dns_tunnel_30q,dns,0,
BeaconingDetector,5.0,dns_tunnel_120q,dns,0,
BeaconingDetector,5.0,cdn_cache_keys_60q,dns,0,
BeaconingDetector,5.0,reputation_lookups_80q,dns,0,
BeaconingDetector,5.0,resolver_busy_300q,dns,0,
BeaconingDetector,5.0,exfil_30mb,exfiltration,0,
BeaconingDetector,5.0,exfil_120mb,exfiltration,0,
BeaconingDetector,5.0,lateral_smb_15,exfiltration,0,
BeaconingDetector,5.0,lateral_smb_40,exfiltration,0,
BeaconingDetector,5.0,backup_upload_60mb,exfiltration,0,
BeaconingDetector,5.0,video_call_25mb,exfiltration,0,
BeaconingDetector,5.0,snmp_poll_18_hosts,exfiltration,0,
BeaconingDetector,5.0,fileserver_clients_30,exfiltration,0,
BeaconingDetector,5.0,backdoor_port_4444,baseline,0,
BeaconingDetector,5.0,irc_client_6667,baseline,0,
BeaconingDetector,5.0,ordinary_traffic,baseline,0,
BeaconingDetector,10.0,scan_stealth_12ports,recon,0,
BeaconingDetector,10.0,scan_moderate_25ports,recon,0,
BeaconingDetector,10.0,scan_aggressive_60ports,recon,0,
BeaconingDetector,10.0,scan_ack_25ports,recon,0,
BeaconingDetector,10.0,lb_backend_probe_10ports,recon,0,
BeaconingDetector,10.0,service_inventory_14ports,recon,0,
BeaconingDetector,10.0,browser_session_4ports,recon,0,
BeaconingDetector,10.0,syn_flood_moderate,flood,0,
BeaconingDetector,10.0,syn_flood_heavy,flood,0,
BeaconingDetector,10.0,udp_flood_moderate,flood,0,
BeaconingDetector,10.0,udp_flood_heavy,flood,0,
BeaconingDetector,10.0,icmp_flood_moderate,flood,0,
BeaconingDetector,10.0,icmp_flood_heavy,flood,0,
BeaconingDetector,10.0,busy_web_server_300,flood,0,
BeaconingDetector,10.0,voip_stream_400,flood,0,
BeaconingDetector,10.0,availability_ping_90,flood,0,
BeaconingDetector,10.0,traceroute_burst_30,flood,0,
BeaconingDetector,10.0,ssh_brute_slow_8,credentials,0,
BeaconingDetector,10.0,ssh_brute_fast_40,credentials,0,
BeaconingDetector,10.0,http_brute_slow_12,credentials,0,
BeaconingDetector,10.0,http_brute_fast_60,credentials,0,
BeaconingDetector,10.0,config_mgmt_ssh_14,credentials,0,
BeaconingDetector,10.0,ci_runner_ssh_6,credentials,0,
BeaconingDetector,10.0,sso_portal_18,credentials,0,
BeaconingDetector,10.0,arp_spoof_light_6,arp,0,
BeaconingDetector,10.0,arp_spoof_heavy_30,arp,0,
BeaconingDetector,10.0,arp_housekeeping_9,arp,0,
BeaconingDetector,10.0,beacon_5s_30,beaconing,1,
BeaconingDetector,10.0,beacon_30s_18_jittered,beaconing,1,
BeaconingDetector,10.0,beacon_60s_20,beaconing,1,
BeaconingDetector,10.0,telemetry_agent_60s_20,beaconing,0,
BeaconingDetector,10.0,healthcheck_poll_10s_40,beaconing,0,
BeaconingDetector,10.0,human_browsing_burst,beaconing,0,
BeaconingDetector,10.0,dns_tunnel_30q,dns,0,
BeaconingDetector,10.0,dns_tunnel_120q,dns,0,
BeaconingDetector,10.0,cdn_cache_keys_60q,dns,0,
BeaconingDetector,10.0,reputation_lookups_80q,dns,0,
BeaconingDetector,10.0,resolver_busy_300q,dns,0,
BeaconingDetector,10.0,exfil_30mb,exfiltration,0,
BeaconingDetector,10.0,exfil_120mb,exfiltration,0,
BeaconingDetector,10.0,lateral_smb_15,exfiltration,0,
BeaconingDetector,10.0,lateral_smb_40,exfiltration,0,
BeaconingDetector,10.0,backup_upload_60mb,exfiltration,0,
BeaconingDetector,10.0,video_call_25mb,exfiltration,0,
BeaconingDetector,10.0,snmp_poll_18_hosts,exfiltration,0,
BeaconingDetector,10.0,fileserver_clients_30,exfiltration,0,
BeaconingDetector,10.0,backdoor_port_4444,baseline,0,
BeaconingDetector,10.0,irc_client_6667,baseline,0,
BeaconingDetector,10.0,ordinary_traffic,baseline,0,
BeaconingDetector,30.0,scan_stealth_12ports,recon,0,
BeaconingDetector,30.0,scan_moderate_25ports,recon,0,
BeaconingDetector,30.0,scan_aggressive_60ports,recon,0,
BeaconingDetector,30.0,scan_ack_25ports,recon,0,
BeaconingDetector,30.0,lb_backend_probe_10ports,recon,0,
BeaconingDetector,30.0,service_inventory_14ports,recon,0,
BeaconingDetector,30.0,browser_session_4ports,recon,0,
BeaconingDetector,30.0,syn_flood_moderate,flood,0,
BeaconingDetector,30.0,syn_flood_heavy,flood,0,
BeaconingDetector,30.0,udp_flood_moderate,flood,0,
BeaconingDetector,30.0,udp_flood_heavy,flood,0,
BeaconingDetector,30.0,icmp_flood_moderate,flood,0,
BeaconingDetector,30.0,icmp_flood_heavy,flood,0,
BeaconingDetector,30.0,busy_web_server_300,flood,0,
BeaconingDetector,30.0,voip_stream_400,flood,0,
BeaconingDetector,30.0,availability_ping_90,flood,0,
BeaconingDetector,30.0,traceroute_burst_30,flood,0,
BeaconingDetector,30.0,ssh_brute_slow_8,credentials,0,
BeaconingDetector,30.0,ssh_brute_fast_40,credentials,0,
BeaconingDetector,30.0,http_brute_slow_12,credentials,0,
BeaconingDetector,30.0,http_brute_fast_60,credentials,0,
BeaconingDetector,30.0,config_mgmt_ssh_14,credentials,0,
BeaconingDetector,30.0,ci_runner_ssh_6,credentials,0,
BeaconingDetector,30.0,sso_portal_18,credentials,0,
BeaconingDetector,30.0,arp_spoof_light_6,arp,0,
BeaconingDetector,30.0,arp_spoof_heavy_30,arp,0,
BeaconingDetector,30.0,arp_housekeeping_9,arp,0,
BeaconingDetector,30.0,beacon_5s_30,beaconing,1,6
BeaconingDetector,30.0,beacon_30s_18_jittered,beaconing,1,
BeaconingDetector,30.0,beacon_60s_20,beaconing,1,
BeaconingDetector,30.0,telemetry_agent_60s_20,beaconing,0,
BeaconingDetector,30.0,healthcheck_poll_10s_40,beaconing,0,
BeaconingDetector,30.0,human_browsing_burst,beaconing,0,
BeaconingDetector,30.0,dns_tunnel_30q,dns,0,
BeaconingDetector,30.0,dns_tunnel_120q,dns,0,
BeaconingDetector,30.0,cdn_cache_keys_60q,dns,0,
BeaconingDetector,30.0,reputation_lookups_80q,dns,0,
BeaconingDetector,30.0,resolver_busy_300q,dns,0,
BeaconingDetector,30.0,exfil_30mb,exfiltration,0,
BeaconingDetector,30.0,exfil_120mb,exfiltration,0,
BeaconingDetector,30.0,lateral_smb_15,exfiltration,0,
BeaconingDetector,30.0,lateral_smb_40,exfiltration,0,
BeaconingDetector,30.0,backup_upload_60mb,exfiltration,0,
BeaconingDetector,30.0,video_call_25mb,exfiltration,0,
BeaconingDetector,30.0,snmp_poll_18_hosts,exfiltration,0,
BeaconingDetector,30.0,fileserver_clients_30,exfiltration,0,
BeaconingDetector,30.0,backdoor_port_4444,baseline,0,
BeaconingDetector,30.0,irc_client_6667,baseline,0,
BeaconingDetector,30.0,ordinary_traffic,baseline,0,
BeaconingDetector,60.0,scan_stealth_12ports,recon,0,
BeaconingDetector,60.0,scan_moderate_25ports,recon,0,
BeaconingDetector,60.0,scan_aggressive_60ports,recon,0,
BeaconingDetector,60.0,scan_ack_25ports,recon,0,
BeaconingDetector,60.0,lb_backend_probe_10ports,recon,0,
BeaconingDetector,60.0,service_inventory_14ports,recon,0,
BeaconingDetector,60.0,browser_session_4ports,recon,0,
BeaconingDetector,60.0,syn_flood_moderate,flood,0,
BeaconingDetector,60.0,syn_flood_heavy,flood,0,
BeaconingDetector,60.0,udp_flood_moderate,flood,0,
BeaconingDetector,60.0,udp_flood_heavy,flood,0,
BeaconingDetector,60.0,icmp_flood_moderate,flood,0,
BeaconingDetector,60.0,icmp_flood_heavy,flood,0,
BeaconingDetector,60.0,busy_web_server_300,flood,0,
BeaconingDetector,60.0,voip_stream_400,flood,0,
BeaconingDetector,60.0,availability_ping_90,flood,0,
BeaconingDetector,60.0,traceroute_burst_30,flood,0,
BeaconingDetector,60.0,ssh_brute_slow_8,credentials,0,
BeaconingDetector,60.0,ssh_brute_fast_40,credentials,0,
BeaconingDetector,60.0,http_brute_slow_12,credentials,0,
BeaconingDetector,60.0,http_brute_fast_60,credentials,0,
BeaconingDetector,60.0,config_mgmt_ssh_14,credentials,0,
BeaconingDetector,60.0,ci_runner_ssh_6,credentials,0,
BeaconingDetector,60.0,sso_portal_18,credentials,0,
BeaconingDetector,60.0,arp_spoof_light_6,arp,0,
BeaconingDetector,60.0,arp_spoof_heavy_30,arp,0,
BeaconingDetector,60.0,arp_housekeeping_9,arp,0,
BeaconingDetector,60.0,beacon_5s_30,beaconing,1,12
BeaconingDetector,60.0,beacon_30s_18_jittered,beaconing,1,
BeaconingDetector,60.0,beacon_60s_20,beaconing,1,
BeaconingDetector,60.0,telemetry_agent_60s_20,beaconing,0,
BeaconingDetector,60.0,healthcheck_poll_10s_40,beaconing,0,6
BeaconingDetector,60.0,human_browsing_burst,beaconing,0,
BeaconingDetector,60.0,dns_tunnel_30q,dns,0,
BeaconingDetector,60.0,dns_tunnel_120q,dns,0,
BeaconingDetector,60.0,cdn_cache_keys_60q,dns,0,
BeaconingDetector,60.0,reputation_lookups_80q,dns,0,
BeaconingDetector,60.0,resolver_busy_300q,dns,0,
BeaconingDetector,60.0,exfil_30mb,exfiltration,0,
BeaconingDetector,60.0,exfil_120mb,exfiltration,0,
BeaconingDetector,60.0,lateral_smb_15,exfiltration,0,
BeaconingDetector,60.0,lateral_smb_40,exfiltration,0,
BeaconingDetector,60.0,backup_upload_60mb,exfiltration,0,
BeaconingDetector,60.0,video_call_25mb,exfiltration,0,
BeaconingDetector,60.0,snmp_poll_18_hosts,exfiltration,0,
BeaconingDetector,60.0,fileserver_clients_30,exfiltration,0,
BeaconingDetector,60.0,backdoor_port_4444,baseline,0,
BeaconingDetector,60.0,irc_client_6667,baseline,0,
BeaconingDetector,60.0,ordinary_traffic,baseline,0,
BeaconingDetector,300.0,scan_stealth_12ports,recon,0,
BeaconingDetector,300.0,scan_moderate_25ports,recon,0,
BeaconingDetector,300.0,scan_aggressive_60ports,recon,0,
BeaconingDetector,300.0,scan_ack_25ports,recon,0,
BeaconingDetector,300.0,lb_backend_probe_10ports,recon,0,
BeaconingDetector,300.0,service_inventory_14ports,recon,0,
BeaconingDetector,300.0,browser_session_4ports,recon,0,
BeaconingDetector,300.0,syn_flood_moderate,flood,0,
BeaconingDetector,300.0,syn_flood_heavy,flood,0,
BeaconingDetector,300.0,udp_flood_moderate,flood,0,
BeaconingDetector,300.0,udp_flood_heavy,flood,0,
BeaconingDetector,300.0,icmp_flood_moderate,flood,0,
BeaconingDetector,300.0,icmp_flood_heavy,flood,0,
BeaconingDetector,300.0,busy_web_server_300,flood,0,
BeaconingDetector,300.0,voip_stream_400,flood,0,
BeaconingDetector,300.0,availability_ping_90,flood,0,
BeaconingDetector,300.0,traceroute_burst_30,flood,0,
BeaconingDetector,300.0,ssh_brute_slow_8,credentials,0,
BeaconingDetector,300.0,ssh_brute_fast_40,credentials,0,
BeaconingDetector,300.0,http_brute_slow_12,credentials,0,
BeaconingDetector,300.0,http_brute_fast_60,credentials,0,
BeaconingDetector,300.0,config_mgmt_ssh_14,credentials,0,
BeaconingDetector,300.0,ci_runner_ssh_6,credentials,0,
BeaconingDetector,300.0,sso_portal_18,credentials,0,
BeaconingDetector,300.0,arp_spoof_light_6,arp,0,
BeaconingDetector,300.0,arp_spoof_heavy_30,arp,0,
BeaconingDetector,300.0,arp_housekeeping_9,arp,0,
BeaconingDetector,300.0,beacon_5s_30,beaconing,1,30
BeaconingDetector,300.0,beacon_30s_18_jittered,beaconing,1,10
BeaconingDetector,300.0,beacon_60s_20,beaconing,1,4
BeaconingDetector,300.0,telemetry_agent_60s_20,beaconing,0,4
BeaconingDetector,300.0,healthcheck_poll_10s_40,beaconing,0,30
BeaconingDetector,300.0,human_browsing_burst,beaconing,0,
BeaconingDetector,300.0,dns_tunnel_30q,dns,0,
BeaconingDetector,300.0,dns_tunnel_120q,dns,0,
BeaconingDetector,300.0,cdn_cache_keys_60q,dns,0,
BeaconingDetector,300.0,reputation_lookups_80q,dns,0,
BeaconingDetector,300.0,resolver_busy_300q,dns,0,
BeaconingDetector,300.0,exfil_30mb,exfiltration,0,
BeaconingDetector,300.0,exfil_120mb,exfiltration,0,
BeaconingDetector,300.0,lateral_smb_15,exfiltration,0,
BeaconingDetector,300.0,lateral_smb_40,exfiltration,0,
BeaconingDetector,300.0,backup_upload_60mb,exfiltration,0,
BeaconingDetector,300.0,video_call_25mb,exfiltration,0,
BeaconingDetector,300.0,snmp_poll_18_hosts,exfiltration,0,
BeaconingDetector,300.0,fileserver_clients_30,exfiltration,0,
BeaconingDetector,300.0,backdoor_port_4444,baseline,0,
BeaconingDetector,300.0,irc_client_6667,baseline,0,
BeaconingDetector,300.0,ordinary_traffic,baseline,0,
BeaconingDetector,3600.0,scan_stealth_12ports,recon,0,
BeaconingDetector,3600.0,scan_moderate_25ports,recon,0,
BeaconingDetector,3600.0,scan_aggressive_60ports,recon,0,
BeaconingDetector,3600.0,scan_ack_25ports,recon,0,
BeaconingDetector,3600.0,lb_backend_probe_10ports,recon,0,
BeaconingDetector,3600.0,service_inventory_14ports,recon,0,
BeaconingDetector,3600.0,browser_session_4ports,recon,0,
BeaconingDetector,3600.0,syn_flood_moderate,flood,0,
BeaconingDetector,3600.0,syn_flood_heavy,flood,0,
BeaconingDetector,3600.0,udp_flood_moderate,flood,0,
BeaconingDetector,3600.0,udp_flood_heavy,flood,0,
BeaconingDetector,3600.0,icmp_flood_moderate,flood,0,
BeaconingDetector,3600.0,icmp_flood_heavy,flood,0,
BeaconingDetector,3600.0,busy_web_server_300,flood,0,
BeaconingDetector,3600.0,voip_stream_400,flood,0,
BeaconingDetector,3600.0,availability_ping_90,flood,0,
BeaconingDetector,3600.0,traceroute_burst_30,flood,0,
BeaconingDetector,3600.0,ssh_brute_slow_8,credentials,0,
BeaconingDetector,3600.0,ssh_brute_fast_40,credentials,0,
BeaconingDetector,3600.0,http_brute_slow_12,credentials,0,
BeaconingDetector,3600.0,http_brute_fast_60,credentials,0,
BeaconingDetector,3600.0,config_mgmt_ssh_14,credentials,0,
BeaconingDetector,3600.0,ci_runner_ssh_6,credentials,0,
BeaconingDetector,3600.0,sso_portal_18,credentials,0,
BeaconingDetector,3600.0,arp_spoof_light_6,arp,0,
BeaconingDetector,3600.0,arp_spoof_heavy_30,arp,0,
BeaconingDetector,3600.0,arp_housekeeping_9,arp,0,
BeaconingDetector,3600.0,beacon_5s_30,beaconing,1,30
BeaconingDetector,3600.0,beacon_30s_18_jittered,beaconing,1,15
BeaconingDetector,3600.0,beacon_60s_20,beaconing,1,20
BeaconingDetector,3600.0,telemetry_agent_60s_20,beaconing,0,20
BeaconingDetector,3600.0,healthcheck_poll_10s_40,beaconing,0,30
BeaconingDetector,3600.0,human_browsing_burst,beaconing,0,
BeaconingDetector,3600.0,dns_tunnel_30q,dns,0,
BeaconingDetector,3600.0,dns_tunnel_120q,dns,0,
BeaconingDetector,3600.0,cdn_cache_keys_60q,dns,0,
BeaconingDetector,3600.0,reputation_lookups_80q,dns,0,
BeaconingDetector,3600.0,resolver_busy_300q,dns,0,
BeaconingDetector,3600.0,exfil_30mb,exfiltration,0,
BeaconingDetector,3600.0,exfil_120mb,exfiltration,0,
BeaconingDetector,3600.0,lateral_smb_15,exfiltration,0,
BeaconingDetector,3600.0,lateral_smb_40,exfiltration,0,
BeaconingDetector,3600.0,backup_upload_60mb,exfiltration,0,
BeaconingDetector,3600.0,video_call_25mb,exfiltration,0,
BeaconingDetector,3600.0,snmp_poll_18_hosts,exfiltration,0,
BeaconingDetector,3600.0,fileserver_clients_30,exfiltration,0,
BeaconingDetector,3600.0,backdoor_port_4444,baseline,0,
BeaconingDetector,3600.0,irc_client_6667,baseline,0,
BeaconingDetector,3600.0,ordinary_traffic,baseline,0,
DataExfiltrationDetector,1.0,scan_stealth_12ports,recon,0,
DataExfiltrationDetector,1.0,scan_moderate_25ports,recon,0,
DataExfiltrationDetector,1.0,scan_aggressive_60ports,recon,0,
DataExfiltrationDetector,1.0,scan_ack_25ports,recon,0,
DataExfiltrationDetector,1.0,lb_backend_probe_10ports,recon,0,
DataExfiltrationDetector,1.0,service_inventory_14ports,recon,0,
DataExfiltrationDetector,1.0,browser_session_4ports,recon,0,
DataExfiltrationDetector,1.0,syn_flood_moderate,flood,0,
DataExfiltrationDetector,1.0,syn_flood_heavy,flood,0,
DataExfiltrationDetector,1.0,udp_flood_moderate,flood,0,
DataExfiltrationDetector,1.0,udp_flood_heavy,flood,0,
DataExfiltrationDetector,1.0,icmp_flood_moderate,flood,0,
DataExfiltrationDetector,1.0,icmp_flood_heavy,flood,0,
DataExfiltrationDetector,1.0,busy_web_server_300,flood,0,
DataExfiltrationDetector,1.0,voip_stream_400,flood,0,
DataExfiltrationDetector,1.0,availability_ping_90,flood,0,
DataExfiltrationDetector,1.0,traceroute_burst_30,flood,0,
DataExfiltrationDetector,1.0,ssh_brute_slow_8,credentials,0,
DataExfiltrationDetector,1.0,ssh_brute_fast_40,credentials,0,
DataExfiltrationDetector,1.0,http_brute_slow_12,credentials,0,
DataExfiltrationDetector,1.0,http_brute_fast_60,credentials,0,
DataExfiltrationDetector,1.0,config_mgmt_ssh_14,credentials,0,
DataExfiltrationDetector,1.0,ci_runner_ssh_6,credentials,0,
DataExfiltrationDetector,1.0,sso_portal_18,credentials,0,
DataExfiltrationDetector,1.0,arp_spoof_light_6,arp,0,
DataExfiltrationDetector,1.0,arp_spoof_heavy_30,arp,0,
DataExfiltrationDetector,1.0,arp_housekeeping_9,arp,0,
DataExfiltrationDetector,1.0,beacon_5s_30,beaconing,0,
DataExfiltrationDetector,1.0,beacon_30s_18_jittered,beaconing,0,
DataExfiltrationDetector,1.0,beacon_60s_20,beaconing,0,
DataExfiltrationDetector,1.0,telemetry_agent_60s_20,beaconing,0,
DataExfiltrationDetector,1.0,healthcheck_poll_10s_40,beaconing,0,
DataExfiltrationDetector,1.0,human_browsing_burst,beaconing,0,
DataExfiltrationDetector,1.0,dns_tunnel_30q,dns,0,
DataExfiltrationDetector,1.0,dns_tunnel_120q,dns,0,
DataExfiltrationDetector,1.0,cdn_cache_keys_60q,dns,0,
DataExfiltrationDetector,1.0,reputation_lookups_80q,dns,0,
DataExfiltrationDetector,1.0,resolver_busy_300q,dns,0,
DataExfiltrationDetector,1.0,exfil_30mb,exfiltration,1,
DataExfiltrationDetector,1.0,exfil_120mb,exfiltration,1,
DataExfiltrationDetector,1.0,lateral_smb_15,exfiltration,0,
DataExfiltrationDetector,1.0,lateral_smb_40,exfiltration,0,
DataExfiltrationDetector,1.0,backup_upload_60mb,exfiltration,0,
DataExfiltrationDetector,1.0,video_call_25mb,exfiltration,0,
DataExfiltrationDetector,1.0,snmp_poll_18_hosts,exfiltration,0,
DataExfiltrationDetector,1.0,fileserver_clients_30,exfiltration,0,
DataExfiltrationDetector,1.0,backdoor_port_4444,baseline,0,
DataExfiltrationDetector,1.0,irc_client_6667,baseline,0,
DataExfiltrationDetector,1.0,ordinary_traffic,baseline,0,
DataExfiltrationDetector,5.0,scan_stealth_12ports,recon,0,
DataExfiltrationDetector,5.0,scan_moderate_25ports,recon,0,
DataExfiltrationDetector,5.0,scan_aggressive_60ports,recon,0,
DataExfiltrationDetector,5.0,scan_ack_25ports,recon,0,
DataExfiltrationDetector,5.0,lb_backend_probe_10ports,recon,0,
DataExfiltrationDetector,5.0,service_inventory_14ports,recon,0,
DataExfiltrationDetector,5.0,browser_session_4ports,recon,0,
DataExfiltrationDetector,5.0,syn_flood_moderate,flood,0,
DataExfiltrationDetector,5.0,syn_flood_heavy,flood,0,
DataExfiltrationDetector,5.0,udp_flood_moderate,flood,0,
DataExfiltrationDetector,5.0,udp_flood_heavy,flood,0,
DataExfiltrationDetector,5.0,icmp_flood_moderate,flood,0,
DataExfiltrationDetector,5.0,icmp_flood_heavy,flood,0,
DataExfiltrationDetector,5.0,busy_web_server_300,flood,0,
DataExfiltrationDetector,5.0,voip_stream_400,flood,0,
DataExfiltrationDetector,5.0,availability_ping_90,flood,0,
DataExfiltrationDetector,5.0,traceroute_burst_30,flood,0,
DataExfiltrationDetector,5.0,ssh_brute_slow_8,credentials,0,
DataExfiltrationDetector,5.0,ssh_brute_fast_40,credentials,0,
DataExfiltrationDetector,5.0,http_brute_slow_12,credentials,0,
DataExfiltrationDetector,5.0,http_brute_fast_60,credentials,0,
DataExfiltrationDetector,5.0,config_mgmt_ssh_14,credentials,0,
DataExfiltrationDetector,5.0,ci_runner_ssh_6,credentials,0,
DataExfiltrationDetector,5.0,sso_portal_18,credentials,0,
DataExfiltrationDetector,5.0,arp_spoof_light_6,arp,0,
DataExfiltrationDetector,5.0,arp_spoof_heavy_30,arp,0,
DataExfiltrationDetector,5.0,arp_housekeeping_9,arp,0,
DataExfiltrationDetector,5.0,beacon_5s_30,beaconing,0,
DataExfiltrationDetector,5.0,beacon_30s_18_jittered,beaconing,0,
DataExfiltrationDetector,5.0,beacon_60s_20,beaconing,0,
DataExfiltrationDetector,5.0,telemetry_agent_60s_20,beaconing,0,
DataExfiltrationDetector,5.0,healthcheck_poll_10s_40,beaconing,0,
DataExfiltrationDetector,5.0,human_browsing_burst,beaconing,0,
DataExfiltrationDetector,5.0,dns_tunnel_30q,dns,0,
DataExfiltrationDetector,5.0,dns_tunnel_120q,dns,0,
DataExfiltrationDetector,5.0,cdn_cache_keys_60q,dns,0,
DataExfiltrationDetector,5.0,reputation_lookups_80q,dns,0,
DataExfiltrationDetector,5.0,resolver_busy_300q,dns,0,
DataExfiltrationDetector,5.0,exfil_30mb,exfiltration,1,
DataExfiltrationDetector,5.0,exfil_120mb,exfiltration,1,10000000
DataExfiltrationDetector,5.0,lateral_smb_15,exfiltration,0,
DataExfiltrationDetector,5.0,lateral_smb_40,exfiltration,0,
DataExfiltrationDetector,5.0,backup_upload_60mb,exfiltration,0,
DataExfiltrationDetector,5.0,video_call_25mb,exfiltration,0,
DataExfiltrationDetector,5.0,snmp_poll_18_hosts,exfiltration,0,
DataExfiltrationDetector,5.0,fileserver_clients_30,exfiltration,0,
DataExfiltrationDetector,5.0,backdoor_port_4444,baseline,0,
DataExfiltrationDetector,5.0,irc_client_6667,baseline,0,
DataExfiltrationDetector,5.0,ordinary_traffic,baseline,0,
DataExfiltrationDetector,10.0,scan_stealth_12ports,recon,0,
DataExfiltrationDetector,10.0,scan_moderate_25ports,recon,0,
DataExfiltrationDetector,10.0,scan_aggressive_60ports,recon,0,
DataExfiltrationDetector,10.0,scan_ack_25ports,recon,0,
DataExfiltrationDetector,10.0,lb_backend_probe_10ports,recon,0,
DataExfiltrationDetector,10.0,service_inventory_14ports,recon,0,
DataExfiltrationDetector,10.0,browser_session_4ports,recon,0,
DataExfiltrationDetector,10.0,syn_flood_moderate,flood,0,
DataExfiltrationDetector,10.0,syn_flood_heavy,flood,0,
DataExfiltrationDetector,10.0,udp_flood_moderate,flood,0,
DataExfiltrationDetector,10.0,udp_flood_heavy,flood,0,
DataExfiltrationDetector,10.0,icmp_flood_moderate,flood,0,
DataExfiltrationDetector,10.0,icmp_flood_heavy,flood,0,
DataExfiltrationDetector,10.0,busy_web_server_300,flood,0,
DataExfiltrationDetector,10.0,voip_stream_400,flood,0,
DataExfiltrationDetector,10.0,availability_ping_90,flood,0,
DataExfiltrationDetector,10.0,traceroute_burst_30,flood,0,
DataExfiltrationDetector,10.0,ssh_brute_slow_8,credentials,0,
DataExfiltrationDetector,10.0,ssh_brute_fast_40,credentials,0,
DataExfiltrationDetector,10.0,http_brute_slow_12,credentials,0,
DataExfiltrationDetector,10.0,http_brute_fast_60,credentials,0,
DataExfiltrationDetector,10.0,config_mgmt_ssh_14,credentials,0,
DataExfiltrationDetector,10.0,ci_runner_ssh_6,credentials,0,
DataExfiltrationDetector,10.0,sso_portal_18,credentials,0,
DataExfiltrationDetector,10.0,arp_spoof_light_6,arp,0,
DataExfiltrationDetector,10.0,arp_spoof_heavy_30,arp,0,
DataExfiltrationDetector,10.0,arp_housekeeping_9,arp,0,
DataExfiltrationDetector,10.0,beacon_5s_30,beaconing,0,
DataExfiltrationDetector,10.0,beacon_30s_18_jittered,beaconing,0,
DataExfiltrationDetector,10.0,beacon_60s_20,beaconing,0,
DataExfiltrationDetector,10.0,telemetry_agent_60s_20,beaconing,0,
DataExfiltrationDetector,10.0,healthcheck_poll_10s_40,beaconing,0,
DataExfiltrationDetector,10.0,human_browsing_burst,beaconing,0,
DataExfiltrationDetector,10.0,dns_tunnel_30q,dns,0,
DataExfiltrationDetector,10.0,dns_tunnel_120q,dns,0,
DataExfiltrationDetector,10.0,cdn_cache_keys_60q,dns,0,
DataExfiltrationDetector,10.0,reputation_lookups_80q,dns,0,
DataExfiltrationDetector,10.0,resolver_busy_300q,dns,0,
DataExfiltrationDetector,10.0,exfil_30mb,exfiltration,1,
DataExfiltrationDetector,10.0,exfil_120mb,exfiltration,1,20000000
DataExfiltrationDetector,10.0,lateral_smb_15,exfiltration,0,
DataExfiltrationDetector,10.0,lateral_smb_40,exfiltration,0,
DataExfiltrationDetector,10.0,backup_upload_60mb,exfiltration,0,10000000
DataExfiltrationDetector,10.0,video_call_25mb,exfiltration,0,
DataExfiltrationDetector,10.0,snmp_poll_18_hosts,exfiltration,0,
DataExfiltrationDetector,10.0,fileserver_clients_30,exfiltration,0,
DataExfiltrationDetector,10.0,backdoor_port_4444,baseline,0,
DataExfiltrationDetector,10.0,irc_client_6667,baseline,0,
DataExfiltrationDetector,10.0,ordinary_traffic,baseline,0,
DataExfiltrationDetector,30.0,scan_stealth_12ports,recon,0,
DataExfiltrationDetector,30.0,scan_moderate_25ports,recon,0,
DataExfiltrationDetector,30.0,scan_aggressive_60ports,recon,0,
DataExfiltrationDetector,30.0,scan_ack_25ports,recon,0,
DataExfiltrationDetector,30.0,lb_backend_probe_10ports,recon,0,
DataExfiltrationDetector,30.0,service_inventory_14ports,recon,0,
DataExfiltrationDetector,30.0,browser_session_4ports,recon,0,
DataExfiltrationDetector,30.0,syn_flood_moderate,flood,0,
DataExfiltrationDetector,30.0,syn_flood_heavy,flood,0,
DataExfiltrationDetector,30.0,udp_flood_moderate,flood,0,
DataExfiltrationDetector,30.0,udp_flood_heavy,flood,0,
DataExfiltrationDetector,30.0,icmp_flood_moderate,flood,0,
DataExfiltrationDetector,30.0,icmp_flood_heavy,flood,0,
DataExfiltrationDetector,30.0,busy_web_server_300,flood,0,
DataExfiltrationDetector,30.0,voip_stream_400,flood,0,
DataExfiltrationDetector,30.0,availability_ping_90,flood,0,
DataExfiltrationDetector,30.0,traceroute_burst_30,flood,0,
DataExfiltrationDetector,30.0,ssh_brute_slow_8,credentials,0,
DataExfiltrationDetector,30.0,ssh_brute_fast_40,credentials,0,
DataExfiltrationDetector,30.0,http_brute_slow_12,credentials,0,
DataExfiltrationDetector,30.0,http_brute_fast_60,credentials,0,
DataExfiltrationDetector,30.0,config_mgmt_ssh_14,credentials,0,
DataExfiltrationDetector,30.0,ci_runner_ssh_6,credentials,0,
DataExfiltrationDetector,30.0,sso_portal_18,credentials,0,
DataExfiltrationDetector,30.0,arp_spoof_light_6,arp,0,
DataExfiltrationDetector,30.0,arp_spoof_heavy_30,arp,0,
DataExfiltrationDetector,30.0,arp_housekeeping_9,arp,0,
DataExfiltrationDetector,30.0,beacon_5s_30,beaconing,0,
DataExfiltrationDetector,30.0,beacon_30s_18_jittered,beaconing,0,
DataExfiltrationDetector,30.0,beacon_60s_20,beaconing,0,
DataExfiltrationDetector,30.0,telemetry_agent_60s_20,beaconing,0,
DataExfiltrationDetector,30.0,healthcheck_poll_10s_40,beaconing,0,
DataExfiltrationDetector,30.0,human_browsing_burst,beaconing,0,
DataExfiltrationDetector,30.0,dns_tunnel_30q,dns,0,
DataExfiltrationDetector,30.0,dns_tunnel_120q,dns,0,
DataExfiltrationDetector,30.0,cdn_cache_keys_60q,dns,0,
DataExfiltrationDetector,30.0,reputation_lookups_80q,dns,0,
DataExfiltrationDetector,30.0,resolver_busy_300q,dns,0,
DataExfiltrationDetector,30.0,exfil_30mb,exfiltration,1,10000000
DataExfiltrationDetector,30.0,exfil_120mb,exfiltration,1,50000000
DataExfiltrationDetector,30.0,lateral_smb_15,exfiltration,0,
DataExfiltrationDetector,30.0,lateral_smb_40,exfiltration,0,
DataExfiltrationDetector,30.0,backup_upload_60mb,exfiltration,0,30000000
DataExfiltrationDetector,30.0,video_call_25mb,exfiltration,0,10000000
DataExfiltrationDetector,30.0,snmp_poll_18_hosts,exfiltration,0,
DataExfiltrationDetector,30.0,fileserver_clients_30,exfiltration,0,
DataExfiltrationDetector,30.0,backdoor_port_4444,baseline,0,
DataExfiltrationDetector,30.0,irc_client_6667,baseline,0,
DataExfiltrationDetector,30.0,ordinary_traffic,baseline,0,
DataExfiltrationDetector,60.0,scan_stealth_12ports,recon,0,
DataExfiltrationDetector,60.0,scan_moderate_25ports,recon,0,
DataExfiltrationDetector,60.0,scan_aggressive_60ports,recon,0,
DataExfiltrationDetector,60.0,scan_ack_25ports,recon,0,
DataExfiltrationDetector,60.0,lb_backend_probe_10ports,recon,0,
DataExfiltrationDetector,60.0,service_inventory_14ports,recon,0,
DataExfiltrationDetector,60.0,browser_session_4ports,recon,0,
DataExfiltrationDetector,60.0,syn_flood_moderate,flood,0,
DataExfiltrationDetector,60.0,syn_flood_heavy,flood,0,
DataExfiltrationDetector,60.0,udp_flood_moderate,flood,0,
DataExfiltrationDetector,60.0,udp_flood_heavy,flood,0,
DataExfiltrationDetector,60.0,icmp_flood_moderate,flood,0,
DataExfiltrationDetector,60.0,icmp_flood_heavy,flood,0,
DataExfiltrationDetector,60.0,busy_web_server_300,flood,0,
DataExfiltrationDetector,60.0,voip_stream_400,flood,0,
DataExfiltrationDetector,60.0,availability_ping_90,flood,0,
DataExfiltrationDetector,60.0,traceroute_burst_30,flood,0,
DataExfiltrationDetector,60.0,ssh_brute_slow_8,credentials,0,
DataExfiltrationDetector,60.0,ssh_brute_fast_40,credentials,0,
DataExfiltrationDetector,60.0,http_brute_slow_12,credentials,0,
DataExfiltrationDetector,60.0,http_brute_fast_60,credentials,0,
DataExfiltrationDetector,60.0,config_mgmt_ssh_14,credentials,0,
DataExfiltrationDetector,60.0,ci_runner_ssh_6,credentials,0,
DataExfiltrationDetector,60.0,sso_portal_18,credentials,0,
DataExfiltrationDetector,60.0,arp_spoof_light_6,arp,0,
DataExfiltrationDetector,60.0,arp_spoof_heavy_30,arp,0,
DataExfiltrationDetector,60.0,arp_housekeeping_9,arp,0,
DataExfiltrationDetector,60.0,beacon_5s_30,beaconing,0,
DataExfiltrationDetector,60.0,beacon_30s_18_jittered,beaconing,0,
DataExfiltrationDetector,60.0,beacon_60s_20,beaconing,0,
DataExfiltrationDetector,60.0,telemetry_agent_60s_20,beaconing,0,
DataExfiltrationDetector,60.0,healthcheck_poll_10s_40,beaconing,0,
DataExfiltrationDetector,60.0,human_browsing_burst,beaconing,0,
DataExfiltrationDetector,60.0,dns_tunnel_30q,dns,0,
DataExfiltrationDetector,60.0,dns_tunnel_120q,dns,0,
DataExfiltrationDetector,60.0,cdn_cache_keys_60q,dns,0,
DataExfiltrationDetector,60.0,reputation_lookups_80q,dns,0,
DataExfiltrationDetector,60.0,resolver_busy_300q,dns,0,
DataExfiltrationDetector,60.0,exfil_30mb,exfiltration,1,30000000
DataExfiltrationDetector,60.0,exfil_120mb,exfiltration,1,100000000
DataExfiltrationDetector,60.0,lateral_smb_15,exfiltration,0,
DataExfiltrationDetector,60.0,lateral_smb_40,exfiltration,0,
DataExfiltrationDetector,60.0,backup_upload_60mb,exfiltration,0,50000000
DataExfiltrationDetector,60.0,video_call_25mb,exfiltration,0,20000000
DataExfiltrationDetector,60.0,snmp_poll_18_hosts,exfiltration,0,
DataExfiltrationDetector,60.0,fileserver_clients_30,exfiltration,0,
DataExfiltrationDetector,60.0,backdoor_port_4444,baseline,0,
DataExfiltrationDetector,60.0,irc_client_6667,baseline,0,
DataExfiltrationDetector,60.0,ordinary_traffic,baseline,0,
DataExfiltrationDetector,300.0,scan_stealth_12ports,recon,0,
DataExfiltrationDetector,300.0,scan_moderate_25ports,recon,0,
DataExfiltrationDetector,300.0,scan_aggressive_60ports,recon,0,
DataExfiltrationDetector,300.0,scan_ack_25ports,recon,0,
DataExfiltrationDetector,300.0,lb_backend_probe_10ports,recon,0,
DataExfiltrationDetector,300.0,service_inventory_14ports,recon,0,
DataExfiltrationDetector,300.0,browser_session_4ports,recon,0,
DataExfiltrationDetector,300.0,syn_flood_moderate,flood,0,
DataExfiltrationDetector,300.0,syn_flood_heavy,flood,0,
DataExfiltrationDetector,300.0,udp_flood_moderate,flood,0,
DataExfiltrationDetector,300.0,udp_flood_heavy,flood,0,
DataExfiltrationDetector,300.0,icmp_flood_moderate,flood,0,
DataExfiltrationDetector,300.0,icmp_flood_heavy,flood,0,
DataExfiltrationDetector,300.0,busy_web_server_300,flood,0,
DataExfiltrationDetector,300.0,voip_stream_400,flood,0,
DataExfiltrationDetector,300.0,availability_ping_90,flood,0,
DataExfiltrationDetector,300.0,traceroute_burst_30,flood,0,
DataExfiltrationDetector,300.0,ssh_brute_slow_8,credentials,0,
DataExfiltrationDetector,300.0,ssh_brute_fast_40,credentials,0,
DataExfiltrationDetector,300.0,http_brute_slow_12,credentials,0,
DataExfiltrationDetector,300.0,http_brute_fast_60,credentials,0,
DataExfiltrationDetector,300.0,config_mgmt_ssh_14,credentials,0,
DataExfiltrationDetector,300.0,ci_runner_ssh_6,credentials,0,
DataExfiltrationDetector,300.0,sso_portal_18,credentials,0,
DataExfiltrationDetector,300.0,arp_spoof_light_6,arp,0,
DataExfiltrationDetector,300.0,arp_spoof_heavy_30,arp,0,
DataExfiltrationDetector,300.0,arp_housekeeping_9,arp,0,
DataExfiltrationDetector,300.0,beacon_5s_30,beaconing,0,
DataExfiltrationDetector,300.0,beacon_30s_18_jittered,beaconing,0,
DataExfiltrationDetector,300.0,beacon_60s_20,beaconing,0,
DataExfiltrationDetector,300.0,telemetry_agent_60s_20,beaconing,0,
DataExfiltrationDetector,300.0,healthcheck_poll_10s_40,beaconing,0,
DataExfiltrationDetector,300.0,human_browsing_burst,beaconing,0,
DataExfiltrationDetector,300.0,dns_tunnel_30q,dns,0,
DataExfiltrationDetector,300.0,dns_tunnel_120q,dns,0,
DataExfiltrationDetector,300.0,cdn_cache_keys_60q,dns,0,
DataExfiltrationDetector,300.0,reputation_lookups_80q,dns,0,
DataExfiltrationDetector,300.0,resolver_busy_300q,dns,0,
DataExfiltrationDetector,300.0,exfil_30mb,exfiltration,1,30000000
DataExfiltrationDetector,300.0,exfil_120mb,exfiltration,1,100000000
DataExfiltrationDetector,300.0,lateral_smb_15,exfiltration,0,
DataExfiltrationDetector,300.0,lateral_smb_40,exfiltration,0,
DataExfiltrationDetector,300.0,backup_upload_60mb,exfiltration,0,50000000
DataExfiltrationDetector,300.0,video_call_25mb,exfiltration,0,20000000
DataExfiltrationDetector,300.0,snmp_poll_18_hosts,exfiltration,0,
DataExfiltrationDetector,300.0,fileserver_clients_30,exfiltration,0,
DataExfiltrationDetector,300.0,backdoor_port_4444,baseline,0,
DataExfiltrationDetector,300.0,irc_client_6667,baseline,0,
DataExfiltrationDetector,300.0,ordinary_traffic,baseline,0,
DataExfiltrationDetector,3600.0,scan_stealth_12ports,recon,0,
DataExfiltrationDetector,3600.0,scan_moderate_25ports,recon,0,
DataExfiltrationDetector,3600.0,scan_aggressive_60ports,recon,0,
DataExfiltrationDetector,3600.0,scan_ack_25ports,recon,0,
DataExfiltrationDetector,3600.0,lb_backend_probe_10ports,recon,0,
DataExfiltrationDetector,3600.0,service_inventory_14ports,recon,0,
DataExfiltrationDetector,3600.0,browser_session_4ports,recon,0,
DataExfiltrationDetector,3600.0,syn_flood_moderate,flood,0,
DataExfiltrationDetector,3600.0,syn_flood_heavy,flood,0,
DataExfiltrationDetector,3600.0,udp_flood_moderate,flood,0,
DataExfiltrationDetector,3600.0,udp_flood_heavy,flood,0,
DataExfiltrationDetector,3600.0,icmp_flood_moderate,flood,0,
DataExfiltrationDetector,3600.0,icmp_flood_heavy,flood,0,
DataExfiltrationDetector,3600.0,busy_web_server_300,flood,0,
DataExfiltrationDetector,3600.0,voip_stream_400,flood,0,
DataExfiltrationDetector,3600.0,availability_ping_90,flood,0,
DataExfiltrationDetector,3600.0,traceroute_burst_30,flood,0,
DataExfiltrationDetector,3600.0,ssh_brute_slow_8,credentials,0,
DataExfiltrationDetector,3600.0,ssh_brute_fast_40,credentials,0,
DataExfiltrationDetector,3600.0,http_brute_slow_12,credentials,0,
DataExfiltrationDetector,3600.0,http_brute_fast_60,credentials,0,
DataExfiltrationDetector,3600.0,config_mgmt_ssh_14,credentials,0,
DataExfiltrationDetector,3600.0,ci_runner_ssh_6,credentials,0,
DataExfiltrationDetector,3600.0,sso_portal_18,credentials,0,
DataExfiltrationDetector,3600.0,arp_spoof_light_6,arp,0,
DataExfiltrationDetector,3600.0,arp_spoof_heavy_30,arp,0,
DataExfiltrationDetector,3600.0,arp_housekeeping_9,arp,0,
DataExfiltrationDetector,3600.0,beacon_5s_30,beaconing,0,
DataExfiltrationDetector,3600.0,beacon_30s_18_jittered,beaconing,0,
DataExfiltrationDetector,3600.0,beacon_60s_20,beaconing,0,
DataExfiltrationDetector,3600.0,telemetry_agent_60s_20,beaconing,0,
DataExfiltrationDetector,3600.0,healthcheck_poll_10s_40,beaconing,0,
DataExfiltrationDetector,3600.0,human_browsing_burst,beaconing,0,
DataExfiltrationDetector,3600.0,dns_tunnel_30q,dns,0,
DataExfiltrationDetector,3600.0,dns_tunnel_120q,dns,0,
DataExfiltrationDetector,3600.0,cdn_cache_keys_60q,dns,0,
DataExfiltrationDetector,3600.0,reputation_lookups_80q,dns,0,
DataExfiltrationDetector,3600.0,resolver_busy_300q,dns,0,
DataExfiltrationDetector,3600.0,exfil_30mb,exfiltration,1,30000000
DataExfiltrationDetector,3600.0,exfil_120mb,exfiltration,1,100000000
DataExfiltrationDetector,3600.0,lateral_smb_15,exfiltration,0,
DataExfiltrationDetector,3600.0,lateral_smb_40,exfiltration,0,
DataExfiltrationDetector,3600.0,backup_upload_60mb,exfiltration,0,50000000
DataExfiltrationDetector,3600.0,video_call_25mb,exfiltration,0,20000000
DataExfiltrationDetector,3600.0,snmp_poll_18_hosts,exfiltration,0,
DataExfiltrationDetector,3600.0,fileserver_clients_30,exfiltration,0,
DataExfiltrationDetector,3600.0,backdoor_port_4444,baseline,0,
DataExfiltrationDetector,3600.0,irc_client_6667,baseline,0,
DataExfiltrationDetector,3600.0,ordinary_traffic,baseline,0,
DnsTunnelingDetector,1.0,scan_stealth_12ports,recon,0,
DnsTunnelingDetector,1.0,scan_moderate_25ports,recon,0,
DnsTunnelingDetector,1.0,scan_aggressive_60ports,recon,0,
DnsTunnelingDetector,1.0,scan_ack_25ports,recon,0,
DnsTunnelingDetector,1.0,lb_backend_probe_10ports,recon,0,
DnsTunnelingDetector,1.0,service_inventory_14ports,recon,0,
DnsTunnelingDetector,1.0,browser_session_4ports,recon,0,
DnsTunnelingDetector,1.0,syn_flood_moderate,flood,0,
DnsTunnelingDetector,1.0,syn_flood_heavy,flood,0,
DnsTunnelingDetector,1.0,udp_flood_moderate,flood,0,
DnsTunnelingDetector,1.0,udp_flood_heavy,flood,0,
DnsTunnelingDetector,1.0,icmp_flood_moderate,flood,0,
DnsTunnelingDetector,1.0,icmp_flood_heavy,flood,0,
DnsTunnelingDetector,1.0,busy_web_server_300,flood,0,
DnsTunnelingDetector,1.0,voip_stream_400,flood,0,
DnsTunnelingDetector,1.0,availability_ping_90,flood,0,
DnsTunnelingDetector,1.0,traceroute_burst_30,flood,0,
DnsTunnelingDetector,1.0,ssh_brute_slow_8,credentials,0,
DnsTunnelingDetector,1.0,ssh_brute_fast_40,credentials,0,
DnsTunnelingDetector,1.0,http_brute_slow_12,credentials,0,
DnsTunnelingDetector,1.0,http_brute_fast_60,credentials,0,
DnsTunnelingDetector,1.0,config_mgmt_ssh_14,credentials,0,
DnsTunnelingDetector,1.0,ci_runner_ssh_6,credentials,0,
DnsTunnelingDetector,1.0,sso_portal_18,credentials,0,
DnsTunnelingDetector,1.0,arp_spoof_light_6,arp,0,
DnsTunnelingDetector,1.0,arp_spoof_heavy_30,arp,0,
DnsTunnelingDetector,1.0,arp_housekeeping_9,arp,0,
DnsTunnelingDetector,1.0,beacon_5s_30,beaconing,0,
DnsTunnelingDetector,1.0,beacon_30s_18_jittered,beaconing,0,
DnsTunnelingDetector,1.0,beacon_60s_20,beaconing,0,
DnsTunnelingDetector,1.0,telemetry_agent_60s_20,beaconing,0,
DnsTunnelingDetector,1.0,healthcheck_poll_10s_40,beaconing,0,
DnsTunnelingDetector,1.0,human_browsing_burst,beaconing,0,
DnsTunnelingDetector,1.0,dns_tunnel_30q,dns,1,
DnsTunnelingDetector,1.0,dns_tunnel_120q,dns,1,
DnsTunnelingDetector,1.0,cdn_cache_keys_60q,dns,0,
DnsTunnelingDetector,1.0,reputation_lookups_80q,dns,0,
DnsTunnelingDetector,1.0,resolver_busy_300q,dns,0,
DnsTunnelingDetector,1.0,exfil_30mb,exfiltration,0,
DnsTunnelingDetector,1.0,exfil_120mb,exfiltration,0,
DnsTunnelingDetector,1.0,lateral_smb_15,exfiltration,0,
DnsTunnelingDetector,1.0,lateral_smb_40,exfiltration,0,
DnsTunnelingDetector,1.0,backup_upload_60mb,exfiltration,0,
DnsTunnelingDetector,1.0,video_call_25mb,exfiltration,0,
DnsTunnelingDetector,1.0,snmp_poll_18_hosts,exfiltration,0,
DnsTunnelingDetector,1.0,fileserver_clients_30,exfiltration,0,
DnsTunnelingDetector,1.0,backdoor_port_4444,baseline,0,
DnsTunnelingDetector,1.0,irc_client_6667,baseline,0,
DnsTunnelingDetector,1.0,ordinary_traffic,baseline,0,
DnsTunnelingDetector,5.0,scan_stealth_12ports,recon,0,
DnsTunnelingDetector,5.0,scan_moderate_25ports,recon,0,
DnsTunnelingDetector,5.0,scan_aggressive_60ports,recon,0,
DnsTunnelingDetector,5.0,scan_ack_25ports,recon,0,
DnsTunnelingDetector,5.0,lb_backend_probe_10ports,recon,0,
DnsTunnelingDetector,5.0,service_inventory_14ports,recon,0,
DnsTunnelingDetector,5.0,browser_session_4ports,recon,0,
DnsTunnelingDetector,5.0,syn_flood_moderate,flood,0,
DnsTunnelingDetector,5.0,syn_flood_heavy,flood,0,
DnsTunnelingDetector,5.0,udp_flood_moderate,flood,0,
DnsTunnelingDetector,5.0,udp_flood_heavy,flood,0,
DnsTunnelingDetector,5.0,icmp_flood_moderate,flood,0,
DnsTunnelingDetector,5.0,icmp_flood_heavy,flood,0,
DnsTunnelingDetector,5.0,busy_web_server_300,flood,0,
DnsTunnelingDetector,5.0,voip_stream_400,flood,0,
DnsTunnelingDetector,5.0,availability_ping_90,flood,0,
DnsTunnelingDetector,5.0,traceroute_burst_30,flood,0,
DnsTunnelingDetector,5.0,ssh_brute_slow_8,credentials,0,
DnsTunnelingDetector,5.0,ssh_brute_fast_40,credentials,0,
DnsTunnelingDetector,5.0,http_brute_slow_12,credentials,0,
DnsTunnelingDetector,5.0,http_brute_fast_60,credentials,0,
DnsTunnelingDetector,5.0,config_mgmt_ssh_14,credentials,0,
DnsTunnelingDetector,5.0,ci_runner_ssh_6,credentials,0,
DnsTunnelingDetector,5.0,sso_portal_18,credentials,0,
DnsTunnelingDetector,5.0,arp_spoof_light_6,arp,0,
DnsTunnelingDetector,5.0,arp_spoof_heavy_30,arp,0,
DnsTunnelingDetector,5.0,arp_housekeeping_9,arp,0,
DnsTunnelingDetector,5.0,beacon_5s_30,beaconing,0,
DnsTunnelingDetector,5.0,beacon_30s_18_jittered,beaconing,0,
DnsTunnelingDetector,5.0,beacon_60s_20,beaconing,0,
DnsTunnelingDetector,5.0,telemetry_agent_60s_20,beaconing,0,
DnsTunnelingDetector,5.0,healthcheck_poll_10s_40,beaconing,0,
DnsTunnelingDetector,5.0,human_browsing_burst,beaconing,0,
DnsTunnelingDetector,5.0,dns_tunnel_30q,dns,1,
DnsTunnelingDetector,5.0,dns_tunnel_120q,dns,1,10
DnsTunnelingDetector,5.0,cdn_cache_keys_60q,dns,0,
DnsTunnelingDetector,5.0,reputation_lookups_80q,dns,0,10
DnsTunnelingDetector,5.0,resolver_busy_300q,dns,0,
DnsTunnelingDetector,5.0,exfil_30mb,exfiltration,0,
DnsTunnelingDetector,5.0,exfil_120mb,exfiltration,0,
DnsTunnelingDetector,5.0,lateral_smb_15,exfiltration,0,
DnsTunnelingDetector,5.0,lateral_smb_40,exfiltration,0,
DnsTunnelingDetector,5.0,backup_upload_60mb,exfiltration,0,
DnsTunnelingDetector,5.0,video_call_25mb,exfiltration,0,
DnsTunnelingDetector,5.0,snmp_poll_18_hosts,exfiltration,0,
DnsTunnelingDetector,5.0,fileserver_clients_30,exfiltration,0,
DnsTunnelingDetector,5.0,backdoor_port_4444,baseline,0,
DnsTunnelingDetector,5.0,irc_client_6667,baseline,0,
DnsTunnelingDetector,5.0,ordinary_traffic,baseline,0,
DnsTunnelingDetector,10.0,scan_stealth_12ports,recon,0,
DnsTunnelingDetector,10.0,scan_moderate_25ports,recon,0,
DnsTunnelingDetector,10.0,scan_aggressive_60ports,recon,0,
DnsTunnelingDetector,10.0,scan_ack_25ports,recon,0,
DnsTunnelingDetector,10.0,lb_backend_probe_10ports,recon,0,
DnsTunnelingDetector,10.0,service_inventory_14ports,recon,0,
DnsTunnelingDetector,10.0,browser_session_4ports,recon,0,
DnsTunnelingDetector,10.0,syn_flood_moderate,flood,0,
DnsTunnelingDetector,10.0,syn_flood_heavy,flood,0,
DnsTunnelingDetector,10.0,udp_flood_moderate,flood,0,
DnsTunnelingDetector,10.0,udp_flood_heavy,flood,0,
DnsTunnelingDetector,10.0,icmp_flood_moderate,flood,0,
DnsTunnelingDetector,10.0,icmp_flood_heavy,flood,0,
DnsTunnelingDetector,10.0,busy_web_server_300,flood,0,
DnsTunnelingDetector,10.0,voip_stream_400,flood,0,
DnsTunnelingDetector,10.0,availability_ping_90,flood,0,
DnsTunnelingDetector,10.0,traceroute_burst_30,flood,0,
DnsTunnelingDetector,10.0,ssh_brute_slow_8,credentials,0,
DnsTunnelingDetector,10.0,ssh_brute_fast_40,credentials,0,
DnsTunnelingDetector,10.0,http_brute_slow_12,credentials,0,
DnsTunnelingDetector,10.0,http_brute_fast_60,credentials,0,
DnsTunnelingDetector,10.0,config_mgmt_ssh_14,credentials,0,
DnsTunnelingDetector,10.0,ci_runner_ssh_6,credentials,0,
DnsTunnelingDetector,10.0,sso_portal_18,credentials,0,
DnsTunnelingDetector,10.0,arp_spoof_light_6,arp,0,
DnsTunnelingDetector,10.0,arp_spoof_heavy_30,arp,0,
DnsTunnelingDetector,10.0,arp_housekeeping_9,arp,0,
DnsTunnelingDetector,10.0,beacon_5s_30,beaconing,0,
DnsTunnelingDetector,10.0,beacon_30s_18_jittered,beaconing,0,
DnsTunnelingDetector,10.0,beacon_60s_20,beaconing,0,
DnsTunnelingDetector,10.0,telemetry_agent_60s_20,beaconing,0,
DnsTunnelingDetector,10.0,healthcheck_poll_10s_40,beaconing,0,
DnsTunnelingDetector,10.0,human_browsing_burst,beaconing,0,
DnsTunnelingDetector,10.0,dns_tunnel_30q,dns,1,
DnsTunnelingDetector,10.0,dns_tunnel_120q,dns,1,20
DnsTunnelingDetector,10.0,cdn_cache_keys_60q,dns,0,
DnsTunnelingDetector,10.0,reputation_lookups_80q,dns,0,10
DnsTunnelingDetector,10.0,resolver_busy_300q,dns,0,
DnsTunnelingDetector,10.0,exfil_30mb,exfiltration,0,
DnsTunnelingDetector,10.0,exfil_120mb,exfiltration,0,
DnsTunnelingDetector,10.0,lateral_smb_15,exfiltration,0,
DnsTunnelingDetector,10.0,lateral_smb_40,exfiltration,0,
DnsTunnelingDetector,10.0,backup_upload_60mb,exfiltration,0,
DnsTunnelingDetector,10.0,video_call_25mb,exfiltration,0,
DnsTunnelingDetector,10.0,snmp_poll_18_hosts,exfiltration,0,
DnsTunnelingDetector,10.0,fileserver_clients_30,exfiltration,0,
DnsTunnelingDetector,10.0,backdoor_port_4444,baseline,0,
DnsTunnelingDetector,10.0,irc_client_6667,baseline,0,
DnsTunnelingDetector,10.0,ordinary_traffic,baseline,0,
DnsTunnelingDetector,30.0,scan_stealth_12ports,recon,0,
DnsTunnelingDetector,30.0,scan_moderate_25ports,recon,0,
DnsTunnelingDetector,30.0,scan_aggressive_60ports,recon,0,
DnsTunnelingDetector,30.0,scan_ack_25ports,recon,0,
DnsTunnelingDetector,30.0,lb_backend_probe_10ports,recon,0,
DnsTunnelingDetector,30.0,service_inventory_14ports,recon,0,
DnsTunnelingDetector,30.0,browser_session_4ports,recon,0,
DnsTunnelingDetector,30.0,syn_flood_moderate,flood,0,
DnsTunnelingDetector,30.0,syn_flood_heavy,flood,0,
DnsTunnelingDetector,30.0,udp_flood_moderate,flood,0,
DnsTunnelingDetector,30.0,udp_flood_heavy,flood,0,
DnsTunnelingDetector,30.0,icmp_flood_moderate,flood,0,
DnsTunnelingDetector,30.0,icmp_flood_heavy,flood,0,
DnsTunnelingDetector,30.0,busy_web_server_300,flood,0,
DnsTunnelingDetector,30.0,voip_stream_400,flood,0,
DnsTunnelingDetector,30.0,availability_ping_90,flood,0,
DnsTunnelingDetector,30.0,traceroute_burst_30,flood,0,
DnsTunnelingDetector,30.0,ssh_brute_slow_8,credentials,0,
DnsTunnelingDetector,30.0,ssh_brute_fast_40,credentials,0,
DnsTunnelingDetector,30.0,http_brute_slow_12,credentials,0,
DnsTunnelingDetector,30.0,http_brute_fast_60,credentials,0,
DnsTunnelingDetector,30.0,config_mgmt_ssh_14,credentials,0,
DnsTunnelingDetector,30.0,ci_runner_ssh_6,credentials,0,
DnsTunnelingDetector,30.0,sso_portal_18,credentials,0,
DnsTunnelingDetector,30.0,arp_spoof_light_6,arp,0,
DnsTunnelingDetector,30.0,arp_spoof_heavy_30,arp,0,
DnsTunnelingDetector,30.0,arp_housekeeping_9,arp,0,
DnsTunnelingDetector,30.0,beacon_5s_30,beaconing,0,
DnsTunnelingDetector,30.0,beacon_30s_18_jittered,beaconing,0,
DnsTunnelingDetector,30.0,beacon_60s_20,beaconing,0,
DnsTunnelingDetector,30.0,telemetry_agent_60s_20,beaconing,0,
DnsTunnelingDetector,30.0,healthcheck_poll_10s_40,beaconing,0,
DnsTunnelingDetector,30.0,human_browsing_burst,beaconing,0,
DnsTunnelingDetector,30.0,dns_tunnel_30q,dns,1,10
DnsTunnelingDetector,30.0,dns_tunnel_120q,dns,1,50
DnsTunnelingDetector,30.0,cdn_cache_keys_60q,dns,0,
DnsTunnelingDetector,30.0,reputation_lookups_80q,dns,0,40
DnsTunnelingDetector,30.0,resolver_busy_300q,dns,0,
DnsTunnelingDetector,30.0,exfil_30mb,exfiltration,0,
DnsTunnelingDetector,30.0,exfil_120mb,exfiltration,0,
DnsTunnelingDetector,30.0,lateral_smb_15,exfiltration,0,
DnsTunnelingDetector,30.0,lateral_smb_40,exfiltration,0,
DnsTunnelingDetector,30.0,backup_upload_60mb,exfiltration,0,
DnsTunnelingDetector,30.0,video_call_25mb,exfiltration,0,
DnsTunnelingDetector,30.0,snmp_poll_18_hosts,exfiltration,0,
DnsTunnelingDetector,30.0,fileserver_clients_30,exfiltration,0,
DnsTunnelingDetector,30.0,backdoor_port_4444,baseline,0,
DnsTunnelingDetector,30.0,irc_client_6667,baseline,0,
DnsTunnelingDetector,30.0,ordinary_traffic,baseline,0,
DnsTunnelingDetector,60.0,scan_stealth_12ports,recon,0,
DnsTunnelingDetector,60.0,scan_moderate_25ports,recon,0,
DnsTunnelingDetector,60.0,scan_aggressive_60ports,recon,0,
DnsTunnelingDetector,60.0,scan_ack_25ports,recon,0,
DnsTunnelingDetector,60.0,lb_backend_probe_10ports,recon,0,
DnsTunnelingDetector,60.0,service_inventory_14ports,recon,0,
DnsTunnelingDetector,60.0,browser_session_4ports,recon,0,
DnsTunnelingDetector,60.0,syn_flood_moderate,flood,0,
DnsTunnelingDetector,60.0,syn_flood_heavy,flood,0,
DnsTunnelingDetector,60.0,udp_flood_moderate,flood,0,
DnsTunnelingDetector,60.0,udp_flood_heavy,flood,0,
DnsTunnelingDetector,60.0,icmp_flood_moderate,flood,0,
DnsTunnelingDetector,60.0,icmp_flood_heavy,flood,0,
DnsTunnelingDetector,60.0,busy_web_server_300,flood,0,
DnsTunnelingDetector,60.0,voip_stream_400,flood,0,
DnsTunnelingDetector,60.0,availability_ping_90,flood,0,
DnsTunnelingDetector,60.0,traceroute_burst_30,flood,0,
DnsTunnelingDetector,60.0,ssh_brute_slow_8,credentials,0,
DnsTunnelingDetector,60.0,ssh_brute_fast_40,credentials,0,
DnsTunnelingDetector,60.0,http_brute_slow_12,credentials,0,
DnsTunnelingDetector,60.0,http_brute_fast_60,credentials,0,
DnsTunnelingDetector,60.0,config_mgmt_ssh_14,credentials,0,
DnsTunnelingDetector,60.0,ci_runner_ssh_6,credentials,0,
DnsTunnelingDetector,60.0,sso_portal_18,credentials,0,
DnsTunnelingDetector,60.0,arp_spoof_light_6,arp,0,
DnsTunnelingDetector,60.0,arp_spoof_heavy_30,arp,0,
DnsTunnelingDetector,60.0,arp_housekeeping_9,arp,0,
DnsTunnelingDetector,60.0,beacon_5s_30,beaconing,0,
DnsTunnelingDetector,60.0,beacon_30s_18_jittered,beaconing,0,
DnsTunnelingDetector,60.0,beacon_60s_20,beaconing,0,
DnsTunnelingDetector,60.0,telemetry_agent_60s_20,beaconing,0,
DnsTunnelingDetector,60.0,healthcheck_poll_10s_40,beaconing,0,
DnsTunnelingDetector,60.0,human_browsing_burst,beaconing,0,
DnsTunnelingDetector,60.0,dns_tunnel_30q,dns,1,20
DnsTunnelingDetector,60.0,dns_tunnel_120q,dns,1,100
DnsTunnelingDetector,60.0,cdn_cache_keys_60q,dns,0,
DnsTunnelingDetector,60.0,reputation_lookups_80q,dns,0,75
DnsTunnelingDetector,60.0,resolver_busy_300q,dns,0,
DnsTunnelingDetector,60.0,exfil_30mb,exfiltration,0,
DnsTunnelingDetector,60.0,exfil_120mb,exfiltration,0,
DnsTunnelingDetector,60.0,lateral_smb_15,exfiltration,0,
DnsTunnelingDetector,60.0,lateral_smb_40,exfiltration,0,
DnsTunnelingDetector,60.0,backup_upload_60mb,exfiltration,0,
DnsTunnelingDetector,60.0,video_call_25mb,exfiltration,0,
DnsTunnelingDetector,60.0,snmp_poll_18_hosts,exfiltration,0,
DnsTunnelingDetector,60.0,fileserver_clients_30,exfiltration,0,
DnsTunnelingDetector,60.0,backdoor_port_4444,baseline,0,
DnsTunnelingDetector,60.0,irc_client_6667,baseline,0,
DnsTunnelingDetector,60.0,ordinary_traffic,baseline,0,
DnsTunnelingDetector,300.0,scan_stealth_12ports,recon,0,
DnsTunnelingDetector,300.0,scan_moderate_25ports,recon,0,
DnsTunnelingDetector,300.0,scan_aggressive_60ports,recon,0,
DnsTunnelingDetector,300.0,scan_ack_25ports,recon,0,
DnsTunnelingDetector,300.0,lb_backend_probe_10ports,recon,0,
DnsTunnelingDetector,300.0,service_inventory_14ports,recon,0,
DnsTunnelingDetector,300.0,browser_session_4ports,recon,0,
DnsTunnelingDetector,300.0,syn_flood_moderate,flood,0,
DnsTunnelingDetector,300.0,syn_flood_heavy,flood,0,
DnsTunnelingDetector,300.0,udp_flood_moderate,flood,0,
DnsTunnelingDetector,300.0,udp_flood_heavy,flood,0,
DnsTunnelingDetector,300.0,icmp_flood_moderate,flood,0,
DnsTunnelingDetector,300.0,icmp_flood_heavy,flood,0,
DnsTunnelingDetector,300.0,busy_web_server_300,flood,0,
DnsTunnelingDetector,300.0,voip_stream_400,flood,0,
DnsTunnelingDetector,300.0,availability_ping_90,flood,0,
DnsTunnelingDetector,300.0,traceroute_burst_30,flood,0,
DnsTunnelingDetector,300.0,ssh_brute_slow_8,credentials,0,
DnsTunnelingDetector,300.0,ssh_brute_fast_40,credentials,0,
DnsTunnelingDetector,300.0,http_brute_slow_12,credentials,0,
DnsTunnelingDetector,300.0,http_brute_fast_60,credentials,0,
DnsTunnelingDetector,300.0,config_mgmt_ssh_14,credentials,0,
DnsTunnelingDetector,300.0,ci_runner_ssh_6,credentials,0,
DnsTunnelingDetector,300.0,sso_portal_18,credentials,0,
DnsTunnelingDetector,300.0,arp_spoof_light_6,arp,0,
DnsTunnelingDetector,300.0,arp_spoof_heavy_30,arp,0,
DnsTunnelingDetector,300.0,arp_housekeeping_9,arp,0,
DnsTunnelingDetector,300.0,beacon_5s_30,beaconing,0,
DnsTunnelingDetector,300.0,beacon_30s_18_jittered,beaconing,0,
DnsTunnelingDetector,300.0,beacon_60s_20,beaconing,0,
DnsTunnelingDetector,300.0,telemetry_agent_60s_20,beaconing,0,
DnsTunnelingDetector,300.0,healthcheck_poll_10s_40,beaconing,0,
DnsTunnelingDetector,300.0,human_browsing_burst,beaconing,0,
DnsTunnelingDetector,300.0,dns_tunnel_30q,dns,1,30
DnsTunnelingDetector,300.0,dns_tunnel_120q,dns,1,100
DnsTunnelingDetector,300.0,cdn_cache_keys_60q,dns,0,
DnsTunnelingDetector,300.0,reputation_lookups_80q,dns,0,75
DnsTunnelingDetector,300.0,resolver_busy_300q,dns,0,
DnsTunnelingDetector,300.0,exfil_30mb,exfiltration,0,
DnsTunnelingDetector,300.0,exfil_120mb,exfiltration,0,
DnsTunnelingDetector,300.0,lateral_smb_15,exfiltration,0,
DnsTunnelingDetector,300.0,lateral_smb_40,exfiltration,0,
DnsTunnelingDetector,300.0,backup_upload_60mb,exfiltration,0,
DnsTunnelingDetector,300.0,video_call_25mb,exfiltration,0,
DnsTunnelingDetector,300.0,snmp_poll_18_hosts,exfiltration,0,
DnsTunnelingDetector,300.0,fileserver_clients_30,exfiltration,0,
DnsTunnelingDetector,300.0,backdoor_port_4444,baseline,0,
DnsTunnelingDetector,300.0,irc_client_6667,baseline,0,
DnsTunnelingDetector,300.0,ordinary_traffic,baseline,0,
DnsTunnelingDetector,3600.0,scan_stealth_12ports,recon,0,
DnsTunnelingDetector,3600.0,scan_moderate_25ports,recon,0,
DnsTunnelingDetector,3600.0,scan_aggressive_60ports,recon,0,
DnsTunnelingDetector,3600.0,scan_ack_25ports,recon,0,
DnsTunnelingDetector,3600.0,lb_backend_probe_10ports,recon,0,
DnsTunnelingDetector,3600.0,service_inventory_14ports,recon,0,
DnsTunnelingDetector,3600.0,browser_session_4ports,recon,0,
DnsTunnelingDetector,3600.0,syn_flood_moderate,flood,0,
DnsTunnelingDetector,3600.0,syn_flood_heavy,flood,0,
DnsTunnelingDetector,3600.0,udp_flood_moderate,flood,0,
DnsTunnelingDetector,3600.0,udp_flood_heavy,flood,0,
DnsTunnelingDetector,3600.0,icmp_flood_moderate,flood,0,
DnsTunnelingDetector,3600.0,icmp_flood_heavy,flood,0,
DnsTunnelingDetector,3600.0,busy_web_server_300,flood,0,
DnsTunnelingDetector,3600.0,voip_stream_400,flood,0,
DnsTunnelingDetector,3600.0,availability_ping_90,flood,0,
DnsTunnelingDetector,3600.0,traceroute_burst_30,flood,0,
DnsTunnelingDetector,3600.0,ssh_brute_slow_8,credentials,0,
DnsTunnelingDetector,3600.0,ssh_brute_fast_40,credentials,0,
DnsTunnelingDetector,3600.0,http_brute_slow_12,credentials,0,
DnsTunnelingDetector,3600.0,http_brute_fast_60,credentials,0,
DnsTunnelingDetector,3600.0,config_mgmt_ssh_14,credentials,0,
DnsTunnelingDetector,3600.0,ci_runner_ssh_6,credentials,0,
DnsTunnelingDetector,3600.0,sso_portal_18,credentials,0,
DnsTunnelingDetector,3600.0,arp_spoof_light_6,arp,0,
DnsTunnelingDetector,3600.0,arp_spoof_heavy_30,arp,0,
DnsTunnelingDetector,3600.0,arp_housekeeping_9,arp,0,
DnsTunnelingDetector,3600.0,beacon_5s_30,beaconing,0,
DnsTunnelingDetector,3600.0,beacon_30s_18_jittered,beaconing,0,
DnsTunnelingDetector,3600.0,beacon_60s_20,beaconing,0,
DnsTunnelingDetector,3600.0,telemetry_agent_60s_20,beaconing,0,
DnsTunnelingDetector,3600.0,healthcheck_poll_10s_40,beaconing,0,
DnsTunnelingDetector,3600.0,human_browsing_burst,beaconing,0,
DnsTunnelingDetector,3600.0,dns_tunnel_30q,dns,1,30
DnsTunnelingDetector,3600.0,dns_tunnel_120q,dns,1,100
DnsTunnelingDetector,3600.0,cdn_cache_keys_60q,dns,0,
DnsTunnelingDetector,3600.0,reputation_lookups_80q,dns,0,75
DnsTunnelingDetector,3600.0,resolver_busy_300q,dns,0,
DnsTunnelingDetector,3600.0,exfil_30mb,exfiltration,0,
DnsTunnelingDetector,3600.0,exfil_120mb,exfiltration,0,
DnsTunnelingDetector,3600.0,lateral_smb_15,exfiltration,0,
DnsTunnelingDetector,3600.0,lateral_smb_40,exfiltration,0,
DnsTunnelingDetector,3600.0,backup_upload_60mb,exfiltration,0,
DnsTunnelingDetector,3600.0,video_call_25mb,exfiltration,0,
DnsTunnelingDetector,3600.0,snmp_poll_18_hosts,exfiltration,0,
DnsTunnelingDetector,3600.0,fileserver_clients_30,exfiltration,0,
DnsTunnelingDetector,3600.0,backdoor_port_4444,baseline,0,
DnsTunnelingDetector,3600.0,irc_client_6667,baseline,0,
DnsTunnelingDetector,3600.0,ordinary_traffic,baseline,0,
HttpBruteForceDetector,1.0,scan_stealth_12ports,recon,0,
HttpBruteForceDetector,1.0,scan_moderate_25ports,recon,0,
HttpBruteForceDetector,1.0,scan_aggressive_60ports,recon,0,
HttpBruteForceDetector,1.0,scan_ack_25ports,recon,0,
HttpBruteForceDetector,1.0,lb_backend_probe_10ports,recon,0,
HttpBruteForceDetector,1.0,service_inventory_14ports,recon,0,
HttpBruteForceDetector,1.0,browser_session_4ports,recon,0,
HttpBruteForceDetector,1.0,syn_flood_moderate,flood,0,
HttpBruteForceDetector,1.0,syn_flood_heavy,flood,0,
HttpBruteForceDetector,1.0,udp_flood_moderate,flood,0,
HttpBruteForceDetector,1.0,udp_flood_heavy,flood,0,
HttpBruteForceDetector,1.0,icmp_flood_moderate,flood,0,
HttpBruteForceDetector,1.0,icmp_flood_heavy,flood,0,
HttpBruteForceDetector,1.0,busy_web_server_300,flood,0,
HttpBruteForceDetector,1.0,voip_stream_400,flood,0,
HttpBruteForceDetector,1.0,availability_ping_90,flood,0,
HttpBruteForceDetector,1.0,traceroute_burst_30,flood,0,
HttpBruteForceDetector,1.0,ssh_brute_slow_8,credentials,0,
HttpBruteForceDetector,1.0,ssh_brute_fast_40,credentials,0,
HttpBruteForceDetector,1.0,http_brute_slow_12,credentials,1,
HttpBruteForceDetector,1.0,http_brute_fast_60,credentials,1,
HttpBruteForceDetector,1.0,config_mgmt_ssh_14,credentials,0,
HttpBruteForceDetector,1.0,ci_runner_ssh_6,credentials,0,
HttpBruteForceDetector,1.0,sso_portal_18,credentials,0,
HttpBruteForceDetector,1.0,arp_spoof_light_6,arp,0,
HttpBruteForceDetector,1.0,arp_spoof_heavy_30,arp,0,
HttpBruteForceDetector,1.0,arp_housekeeping_9,arp,0,
HttpBruteForceDetector,1.0,beacon_5s_30,beaconing,0,
HttpBruteForceDetector,1.0,beacon_30s_18_jittered,beaconing,0,
HttpBruteForceDetector,1.0,beacon_60s_20,beaconing,0,
HttpBruteForceDetector,1.0,telemetry_agent_60s_20,beaconing,0,
HttpBruteForceDetector,1.0,healthcheck_poll_10s_40,beaconing,0,
HttpBruteForceDetector,1.0,human_browsing_burst,beaconing,0,
HttpBruteForceDetector,1.0,dns_tunnel_30q,dns,0,
HttpBruteForceDetector,1.0,dns_tunnel_120q,dns,0,
HttpBruteForceDetector,1.0,cdn_cache_keys_60q,dns,0,
HttpBruteForceDetector,1.0,reputation_lookups_80q,dns,0,
HttpBruteForceDetector,1.0,resolver_busy_300q,dns,0,
HttpBruteForceDetector,1.0,exfil_30mb,exfiltration,0,
HttpBruteForceDetector,1.0,exfil_120mb,exfiltration,0,
HttpBruteForceDetector,1.0,lateral_smb_15,exfiltration,0,
HttpBruteForceDetector,1.0,lateral_smb_40,exfiltration,0,
HttpBruteForceDetector,1.0,backup_upload_60mb,exfiltration,0,
HttpBruteForceDetector,1.0,video_call_25mb,exfiltration,0,
HttpBruteForceDetector,1.0,snmp_poll_18_hosts,exfiltration,0,
HttpBruteForceDetector,1.0,fileserver_clients_30,exfiltration,0,
HttpBruteForceDetector,1.0,backdoor_port_4444,baseline,0,
HttpBruteForceDetector,1.0,irc_client_6667,baseline,0,
HttpBruteForceDetector,1.0,ordinary_traffic,baseline,0,
HttpBruteForceDetector,5.0,scan_stealth_12ports,recon,0,
HttpBruteForceDetector,5.0,scan_moderate_25ports,recon,0,
HttpBruteForceDetector,5.0,scan_aggressive_60ports,recon,0,
HttpBruteForceDetector,5.0,scan_ack_25ports,recon,0,
HttpBruteForceDetector,5.0,lb_backend_probe_10ports,recon,0,
HttpBruteForceDetector,5.0,service_inventory_14ports,recon,0,
HttpBruteForceDetector,5.0,browser_session_4ports,recon,0,
HttpBruteForceDetector,5.0,syn_flood_moderate,flood,0,
HttpBruteForceDetector,5.0,syn_flood_heavy,flood,0,
HttpBruteForceDetector,5.0,udp_flood_moderate,flood,0,
HttpBruteForceDetector,5.0,udp_flood_heavy,flood,0,
HttpBruteForceDetector,5.0,icmp_flood_moderate,flood,0,
HttpBruteForceDetector,5.0,icmp_flood_heavy,flood,0,
HttpBruteForceDetector,5.0,busy_web_server_300,flood,0,
HttpBruteForceDetector,5.0,voip_stream_400,flood,0,
HttpBruteForceDetector,5.0,availability_ping_90,flood,0,
HttpBruteForceDetector,5.0,traceroute_burst_30,flood,0,
HttpBruteForceDetector,5.0,ssh_brute_slow_8,credentials,0,
HttpBruteForceDetector,5.0,ssh_brute_fast_40,credentials,0,
HttpBruteForceDetector,5.0,http_brute_slow_12,credentials,1,
HttpBruteForceDetector,5.0,http_brute_fast_60,credentials,1,12
HttpBruteForceDetector,5.0,config_mgmt_ssh_14,credentials,0,
HttpBruteForceDetector,5.0,ci_runner_ssh_6,credentials,0,
HttpBruteForceDetector,5.0,sso_portal_18,credentials,0,
HttpBruteForceDetector,5.0,arp_spoof_light_6,arp,0,
HttpBruteForceDetector,5.0,arp_spoof_heavy_30,arp,0,
HttpBruteForceDetector,5.0,arp_housekeeping_9,arp,0,
HttpBruteForceDetector,5.0,beacon_5s_30,beaconing,0,
HttpBruteForceDetector,5.0,beacon_30s_18_jittered,beaconing,0,
HttpBruteForceDetector,5.0,beacon_60s_20,beaconing,0,
HttpBruteForceDetector,5.0,telemetry_agent_60s_20,beaconing,0,
HttpBruteForceDetector,5.0,healthcheck_poll_10s_40,beaconing,0,
HttpBruteForceDetector,5.0,human_browsing_burst,beaconing,0,
HttpBruteForceDetector,5.0,dns_tunnel_30q,dns,0,
HttpBruteForceDetector,5.0,dns_tunnel_120q,dns,0,
HttpBruteForceDetector,5.0,cdn_cache_keys_60q,dns,0,
HttpBruteForceDetector,5.0,reputation_lookups_80q,dns,0,
HttpBruteForceDetector,5.0,resolver_busy_300q,dns,0,
HttpBruteForceDetector,5.0,exfil_30mb,exfiltration,0,
HttpBruteForceDetector,5.0,exfil_120mb,exfiltration,0,
HttpBruteForceDetector,5.0,lateral_smb_15,exfiltration,0,
HttpBruteForceDetector,5.0,lateral_smb_40,exfiltration,0,
HttpBruteForceDetector,5.0,backup_upload_60mb,exfiltration,0,
HttpBruteForceDetector,5.0,video_call_25mb,exfiltration,0,
HttpBruteForceDetector,5.0,snmp_poll_18_hosts,exfiltration,0,
HttpBruteForceDetector,5.0,fileserver_clients_30,exfiltration,0,
HttpBruteForceDetector,5.0,backdoor_port_4444,baseline,0,
HttpBruteForceDetector,5.0,irc_client_6667,baseline,0,
HttpBruteForceDetector,5.0,ordinary_traffic,baseline,0,
HttpBruteForceDetector,10.0,scan_stealth_12ports,recon,0,
HttpBruteForceDetector,10.0,scan_moderate_25ports,recon,0,
HttpBruteForceDetector,10.0,scan_aggressive_60ports,recon,0,
HttpBruteForceDetector,10.0,scan_ack_25ports,recon,0,
HttpBruteForceDetector,10.0,lb_backend_probe_10ports,recon,0,
HttpBruteForceDetector,10.0,service_inventory_14ports,recon,0,
HttpBruteForceDetector,10.0,browser_session_4ports,recon,0,
HttpBruteForceDetector,10.0,syn_flood_moderate,flood,0,
HttpBruteForceDetector,10.0,syn_flood_heavy,flood,0,
HttpBruteForceDetector,10.0,udp_flood_moderate,flood,0,
HttpBruteForceDetector,10.0,udp_flood_heavy,flood,0,
HttpBruteForceDetector,10.0,icmp_flood_moderate,flood,0,
HttpBruteForceDetector,10.0,icmp_flood_heavy,flood,0,
HttpBruteForceDetector,10.0,busy_web_server_300,flood,0,
HttpBruteForceDetector,10.0,voip_stream_400,flood,0,
HttpBruteForceDetector,10.0,availability_ping_90,flood,0,
HttpBruteForceDetector,10.0,traceroute_burst_30,flood,0,
HttpBruteForceDetector,10.0,ssh_brute_slow_8,credentials,0,
HttpBruteForceDetector,10.0,ssh_brute_fast_40,credentials,0,
HttpBruteForceDetector,10.0,http_brute_slow_12,credentials,1,
HttpBruteForceDetector,10.0,http_brute_fast_60,credentials,1,20
HttpBruteForceDetector,10.0,config_mgmt_ssh_14,credentials,0,
HttpBruteForceDetector,10.0,ci_runner_ssh_6,credentials,0,
HttpBruteForceDetector,10.0,sso_portal_18,credentials,0,5
HttpBruteForceDetector,10.0,arp_spoof_light_6,arp,0,
HttpBruteForceDetector,10.0,arp_spoof_heavy_30,arp,0,
HttpBruteForceDetector,10.0,arp_housekeeping_9,arp,0,
HttpBruteForceDetector,10.0,beacon_5s_30,beaconing,0,
HttpBruteForceDetector,10.0,beacon_30s_18_jittered,beaconing,0,
HttpBruteForceDetector,10.0,beacon_60s_20,beaconing,0,
HttpBruteForceDetector,10.0,telemetry_agent_60s_20,beaconing,0,
HttpBruteForceDetector,10.0,healthcheck_poll_10s_40,beaconing,0,
HttpBruteForceDetector,10.0,human_browsing_burst,beaconing,0,
HttpBruteForceDetector,10.0,dns_tunnel_30q,dns,0,
HttpBruteForceDetector,10.0,dns_tunnel_120q,dns,0,
HttpBruteForceDetector,10.0,cdn_cache_keys_60q,dns,0,
HttpBruteForceDetector,10.0,reputation_lookups_80q,dns,0,
HttpBruteForceDetector,10.0,resolver_busy_300q,dns,0,
HttpBruteForceDetector,10.0,exfil_30mb,exfiltration,0,
HttpBruteForceDetector,10.0,exfil_120mb,exfiltration,0,
HttpBruteForceDetector,10.0,lateral_smb_15,exfiltration,0,
HttpBruteForceDetector,10.0,lateral_smb_40,exfiltration,0,
HttpBruteForceDetector,10.0,backup_upload_60mb,exfiltration,0,
HttpBruteForceDetector,10.0,video_call_25mb,exfiltration,0,
HttpBruteForceDetector,10.0,snmp_poll_18_hosts,exfiltration,0,
HttpBruteForceDetector,10.0,fileserver_clients_30,exfiltration,0,
HttpBruteForceDetector,10.0,backdoor_port_4444,baseline,0,
HttpBruteForceDetector,10.0,irc_client_6667,baseline,0,
HttpBruteForceDetector,10.0,ordinary_traffic,baseline,0,
HttpBruteForceDetector,30.0,scan_stealth_12ports,recon,0,
HttpBruteForceDetector,30.0,scan_moderate_25ports,recon,0,
HttpBruteForceDetector,30.0,scan_aggressive_60ports,recon,0,
HttpBruteForceDetector,30.0,scan_ack_25ports,recon,0,
HttpBruteForceDetector,30.0,lb_backend_probe_10ports,recon,0,
HttpBruteForceDetector,30.0,service_inventory_14ports,recon,0,
HttpBruteForceDetector,30.0,browser_session_4ports,recon,0,
HttpBruteForceDetector,30.0,syn_flood_moderate,flood,0,
HttpBruteForceDetector,30.0,syn_flood_heavy,flood,0,
HttpBruteForceDetector,30.0,udp_flood_moderate,flood,0,
HttpBruteForceDetector,30.0,udp_flood_heavy,flood,0,
HttpBruteForceDetector,30.0,icmp_flood_moderate,flood,0,
HttpBruteForceDetector,30.0,icmp_flood_heavy,flood,0,
HttpBruteForceDetector,30.0,busy_web_server_300,flood,0,
HttpBruteForceDetector,30.0,voip_stream_400,flood,0,
HttpBruteForceDetector,30.0,availability_ping_90,flood,0,
HttpBruteForceDetector,30.0,traceroute_burst_30,flood,0,
HttpBruteForceDetector,30.0,ssh_brute_slow_8,credentials,0,
HttpBruteForceDetector,30.0,ssh_brute_fast_40,credentials,0,
HttpBruteForceDetector,30.0,http_brute_slow_12,credentials,1,5
HttpBruteForceDetector,30.0,http_brute_fast_60,credentials,1,45
HttpBruteForceDetector,30.0,config_mgmt_ssh_14,credentials,0,
HttpBruteForceDetector,30.0,ci_runner_ssh_6,credentials,0,
HttpBruteForceDetector,30.0,sso_portal_18,credentials,0,5
HttpBruteForceDetector,30.0,arp_spoof_light_6,arp,0,
HttpBruteForceDetector,30.0,arp_spoof_heavy_30,arp,0,
HttpBruteForceDetector,30.0,arp_housekeeping_9,arp,0,
HttpBruteForceDetector,30.0,beacon_5s_30,beaconing,0,
HttpBruteForceDetector,30.0,beacon_30s_18_jittered,beaconing,0,
HttpBruteForceDetector,30.0,beacon_60s_20,beaconing,0,
HttpBruteForceDetector,30.0,telemetry_agent_60s_20,beaconing,0,
HttpBruteForceDetector,30.0,healthcheck_poll_10s_40,beaconing,0,
HttpBruteForceDetector,30.0,human_browsing_burst,beaconing,0,
HttpBruteForceDetector,30.0,dns_tunnel_30q,dns,0,
HttpBruteForceDetector,30.0,dns_tunnel_120q,dns,0,
HttpBruteForceDetector,30.0,cdn_cache_keys_60q,dns,0,
HttpBruteForceDetector,30.0,reputation_lookups_80q,dns,0,
HttpBruteForceDetector,30.0,resolver_busy_300q,dns,0,
HttpBruteForceDetector,30.0,exfil_30mb,exfiltration,0,
HttpBruteForceDetector,30.0,exfil_120mb,exfiltration,0,
HttpBruteForceDetector,30.0,lateral_smb_15,exfiltration,0,
HttpBruteForceDetector,30.0,lateral_smb_40,exfiltration,0,
HttpBruteForceDetector,30.0,backup_upload_60mb,exfiltration,0,
HttpBruteForceDetector,30.0,video_call_25mb,exfiltration,0,
HttpBruteForceDetector,30.0,snmp_poll_18_hosts,exfiltration,0,
HttpBruteForceDetector,30.0,fileserver_clients_30,exfiltration,0,
HttpBruteForceDetector,30.0,backdoor_port_4444,baseline,0,
HttpBruteForceDetector,30.0,irc_client_6667,baseline,0,
HttpBruteForceDetector,30.0,ordinary_traffic,baseline,0,
HttpBruteForceDetector,60.0,scan_stealth_12ports,recon,0,
HttpBruteForceDetector,60.0,scan_moderate_25ports,recon,0,
HttpBruteForceDetector,60.0,scan_aggressive_60ports,recon,0,
HttpBruteForceDetector,60.0,scan_ack_25ports,recon,0,
HttpBruteForceDetector,60.0,lb_backend_probe_10ports,recon,0,
HttpBruteForceDetector,60.0,service_inventory_14ports,recon,0,
HttpBruteForceDetector,60.0,browser_session_4ports,recon,0,
HttpBruteForceDetector,60.0,syn_flood_moderate,flood,0,
HttpBruteForceDetector,60.0,syn_flood_heavy,flood,0,
HttpBruteForceDetector,60.0,udp_flood_moderate,flood,0,
HttpBruteForceDetector,60.0,udp_flood_heavy,flood,0,
HttpBruteForceDetector,60.0,icmp_flood_moderate,flood,0,
HttpBruteForceDetector,60.0,icmp_flood_heavy,flood,0,
HttpBruteForceDetector,60.0,busy_web_server_300,flood,0,
HttpBruteForceDetector,60.0,voip_stream_400,flood,0,
HttpBruteForceDetector,60.0,availability_ping_90,flood,0,
HttpBruteForceDetector,60.0,traceroute_burst_30,flood,0,
HttpBruteForceDetector,60.0,ssh_brute_slow_8,credentials,0,
HttpBruteForceDetector,60.0,ssh_brute_fast_40,credentials,0,
HttpBruteForceDetector,60.0,http_brute_slow_12,credentials,1,5
HttpBruteForceDetector,60.0,http_brute_fast_60,credentials,1,45
HttpBruteForceDetector,60.0,config_mgmt_ssh_14,credentials,0,
HttpBruteForceDetector,60.0,ci_runner_ssh_6,credentials,0,
HttpBruteForceDetector,60.0,sso_portal_18,credentials,0,15
HttpBruteForceDetector,60.0,arp_spoof_light_6,arp,0,
HttpBruteForceDetector,60.0,arp_spoof_heavy_30,arp,0,
HttpBruteForceDetector,60.0,arp_housekeeping_9,arp,0,
HttpBruteForceDetector,60.0,beacon_5s_30,beaconing,0,
HttpBruteForceDetector,60.0,beacon_30s_18_jittered,beaconing,0,
HttpBruteForceDetector,60.0,beacon_60s_20,beaconing,0,
HttpBruteForceDetector,60.0,telemetry_agent_60s_20,beaconing,0,
HttpBruteForceDetector,60.0,healthcheck_poll_10s_40,beaconing,0,
HttpBruteForceDetector,60.0,human_browsing_burst,beaconing,0,
HttpBruteForceDetector,60.0,dns_tunnel_30q,dns,0,
HttpBruteForceDetector,60.0,dns_tunnel_120q,dns,0,
HttpBruteForceDetector,60.0,cdn_cache_keys_60q,dns,0,
HttpBruteForceDetector,60.0,reputation_lookups_80q,dns,0,
HttpBruteForceDetector,60.0,resolver_busy_300q,dns,0,
HttpBruteForceDetector,60.0,exfil_30mb,exfiltration,0,
HttpBruteForceDetector,60.0,exfil_120mb,exfiltration,0,
HttpBruteForceDetector,60.0,lateral_smb_15,exfiltration,0,
HttpBruteForceDetector,60.0,lateral_smb_40,exfiltration,0,
HttpBruteForceDetector,60.0,backup_upload_60mb,exfiltration,0,
HttpBruteForceDetector,60.0,video_call_25mb,exfiltration,0,
HttpBruteForceDetector,60.0,snmp_poll_18_hosts,exfiltration,0,
HttpBruteForceDetector,60.0,fileserver_clients_30,exfiltration,0,
HttpBruteForceDetector,60.0,backdoor_port_4444,baseline,0,
HttpBruteForceDetector,60.0,irc_client_6667,baseline,0,
HttpBruteForceDetector,60.0,ordinary_traffic,baseline,0,
HttpBruteForceDetector,300.0,scan_stealth_12ports,recon,0,
HttpBruteForceDetector,300.0,scan_moderate_25ports,recon,0,
HttpBruteForceDetector,300.0,scan_aggressive_60ports,recon,0,
HttpBruteForceDetector,300.0,scan_ack_25ports,recon,0,
HttpBruteForceDetector,300.0,lb_backend_probe_10ports,recon,0,
HttpBruteForceDetector,300.0,service_inventory_14ports,recon,0,
HttpBruteForceDetector,300.0,browser_session_4ports,recon,0,
HttpBruteForceDetector,300.0,syn_flood_moderate,flood,0,
HttpBruteForceDetector,300.0,syn_flood_heavy,flood,0,
HttpBruteForceDetector,300.0,udp_flood_moderate,flood,0,
HttpBruteForceDetector,300.0,udp_flood_heavy,flood,0,
HttpBruteForceDetector,300.0,icmp_flood_moderate,flood,0,
HttpBruteForceDetector,300.0,icmp_flood_heavy,flood,0,
HttpBruteForceDetector,300.0,busy_web_server_300,flood,0,
HttpBruteForceDetector,300.0,voip_stream_400,flood,0,
HttpBruteForceDetector,300.0,availability_ping_90,flood,0,
HttpBruteForceDetector,300.0,traceroute_burst_30,flood,0,
HttpBruteForceDetector,300.0,ssh_brute_slow_8,credentials,0,
HttpBruteForceDetector,300.0,ssh_brute_fast_40,credentials,0,
HttpBruteForceDetector,300.0,http_brute_slow_12,credentials,1,12
HttpBruteForceDetector,300.0,http_brute_fast_60,credentials,1,45
HttpBruteForceDetector,300.0,config_mgmt_ssh_14,credentials,0,
HttpBruteForceDetector,300.0,ci_runner_ssh_6,credentials,0,
HttpBruteForceDetector,300.0,sso_portal_18,credentials,0,15
HttpBruteForceDetector,300.0,arp_spoof_light_6,arp,0,
HttpBruteForceDetector,300.0,arp_spoof_heavy_30,arp,0,
HttpBruteForceDetector,300.0,arp_housekeeping_9,arp,0,
HttpBruteForceDetector,300.0,beacon_5s_30,beaconing,0,
HttpBruteForceDetector,300.0,beacon_30s_18_jittered,beaconing,0,
HttpBruteForceDetector,300.0,beacon_60s_20,beaconing,0,
HttpBruteForceDetector,300.0,telemetry_agent_60s_20,beaconing,0,
HttpBruteForceDetector,300.0,healthcheck_poll_10s_40,beaconing,0,
HttpBruteForceDetector,300.0,human_browsing_burst,beaconing,0,
HttpBruteForceDetector,300.0,dns_tunnel_30q,dns,0,
HttpBruteForceDetector,300.0,dns_tunnel_120q,dns,0,
HttpBruteForceDetector,300.0,cdn_cache_keys_60q,dns,0,
HttpBruteForceDetector,300.0,reputation_lookups_80q,dns,0,
HttpBruteForceDetector,300.0,resolver_busy_300q,dns,0,
HttpBruteForceDetector,300.0,exfil_30mb,exfiltration,0,
HttpBruteForceDetector,300.0,exfil_120mb,exfiltration,0,
HttpBruteForceDetector,300.0,lateral_smb_15,exfiltration,0,
HttpBruteForceDetector,300.0,lateral_smb_40,exfiltration,0,
HttpBruteForceDetector,300.0,backup_upload_60mb,exfiltration,0,
HttpBruteForceDetector,300.0,video_call_25mb,exfiltration,0,
HttpBruteForceDetector,300.0,snmp_poll_18_hosts,exfiltration,0,
HttpBruteForceDetector,300.0,fileserver_clients_30,exfiltration,0,
HttpBruteForceDetector,300.0,backdoor_port_4444,baseline,0,
HttpBruteForceDetector,300.0,irc_client_6667,baseline,0,
HttpBruteForceDetector,300.0,ordinary_traffic,baseline,0,
HttpBruteForceDetector,3600.0,scan_stealth_12ports,recon,0,
HttpBruteForceDetector,3600.0,scan_moderate_25ports,recon,0,
HttpBruteForceDetector,3600.0,scan_aggressive_60ports,recon,0,
HttpBruteForceDetector,3600.0,scan_ack_25ports,recon,0,
HttpBruteForceDetector,3600.0,lb_backend_probe_10ports,recon,0,
HttpBruteForceDetector,3600.0,service_inventory_14ports,recon,0,
HttpBruteForceDetector,3600.0,browser_session_4ports,recon,0,
HttpBruteForceDetector,3600.0,syn_flood_moderate,flood,0,
HttpBruteForceDetector,3600.0,syn_flood_heavy,flood,0,
HttpBruteForceDetector,3600.0,udp_flood_moderate,flood,0,
HttpBruteForceDetector,3600.0,udp_flood_heavy,flood,0,
HttpBruteForceDetector,3600.0,icmp_flood_moderate,flood,0,
HttpBruteForceDetector,3600.0,icmp_flood_heavy,flood,0,
HttpBruteForceDetector,3600.0,busy_web_server_300,flood,0,
HttpBruteForceDetector,3600.0,voip_stream_400,flood,0,
HttpBruteForceDetector,3600.0,availability_ping_90,flood,0,
HttpBruteForceDetector,3600.0,traceroute_burst_30,flood,0,
HttpBruteForceDetector,3600.0,ssh_brute_slow_8,credentials,0,
HttpBruteForceDetector,3600.0,ssh_brute_fast_40,credentials,0,
HttpBruteForceDetector,3600.0,http_brute_slow_12,credentials,1,12
HttpBruteForceDetector,3600.0,http_brute_fast_60,credentials,1,45
HttpBruteForceDetector,3600.0,config_mgmt_ssh_14,credentials,0,
HttpBruteForceDetector,3600.0,ci_runner_ssh_6,credentials,0,
HttpBruteForceDetector,3600.0,sso_portal_18,credentials,0,15
HttpBruteForceDetector,3600.0,arp_spoof_light_6,arp,0,
HttpBruteForceDetector,3600.0,arp_spoof_heavy_30,arp,0,
HttpBruteForceDetector,3600.0,arp_housekeeping_9,arp,0,
HttpBruteForceDetector,3600.0,beacon_5s_30,beaconing,0,
HttpBruteForceDetector,3600.0,beacon_30s_18_jittered,beaconing,0,
HttpBruteForceDetector,3600.0,beacon_60s_20,beaconing,0,
HttpBruteForceDetector,3600.0,telemetry_agent_60s_20,beaconing,0,
HttpBruteForceDetector,3600.0,healthcheck_poll_10s_40,beaconing,0,
HttpBruteForceDetector,3600.0,human_browsing_burst,beaconing,0,
HttpBruteForceDetector,3600.0,dns_tunnel_30q,dns,0,
HttpBruteForceDetector,3600.0,dns_tunnel_120q,dns,0,
HttpBruteForceDetector,3600.0,cdn_cache_keys_60q,dns,0,
HttpBruteForceDetector,3600.0,reputation_lookups_80q,dns,0,
HttpBruteForceDetector,3600.0,resolver_busy_300q,dns,0,
HttpBruteForceDetector,3600.0,exfil_30mb,exfiltration,0,
HttpBruteForceDetector,3600.0,exfil_120mb,exfiltration,0,
HttpBruteForceDetector,3600.0,lateral_smb_15,exfiltration,0,
HttpBruteForceDetector,3600.0,lateral_smb_40,exfiltration,0,
HttpBruteForceDetector,3600.0,backup_upload_60mb,exfiltration,0,
HttpBruteForceDetector,3600.0,video_call_25mb,exfiltration,0,
HttpBruteForceDetector,3600.0,snmp_poll_18_hosts,exfiltration,0,
HttpBruteForceDetector,3600.0,fileserver_clients_30,exfiltration,0,
HttpBruteForceDetector,3600.0,backdoor_port_4444,baseline,0,
HttpBruteForceDetector,3600.0,irc_client_6667,baseline,0,
HttpBruteForceDetector,3600.0,ordinary_traffic,baseline,0,
IcmpFloodDetector,1.0,scan_stealth_12ports,recon,0,
IcmpFloodDetector,1.0,scan_moderate_25ports,recon,0,
IcmpFloodDetector,1.0,scan_aggressive_60ports,recon,0,
IcmpFloodDetector,1.0,scan_ack_25ports,recon,0,
IcmpFloodDetector,1.0,lb_backend_probe_10ports,recon,0,
IcmpFloodDetector,1.0,service_inventory_14ports,recon,0,
IcmpFloodDetector,1.0,browser_session_4ports,recon,0,
IcmpFloodDetector,1.0,syn_flood_moderate,flood,0,
IcmpFloodDetector,1.0,syn_flood_heavy,flood,0,
IcmpFloodDetector,1.0,udp_flood_moderate,flood,0,
IcmpFloodDetector,1.0,udp_flood_heavy,flood,0,
IcmpFloodDetector,1.0,icmp_flood_moderate,flood,1,20
IcmpFloodDetector,1.0,icmp_flood_heavy,flood,1,150
IcmpFloodDetector,1.0,busy_web_server_300,flood,0,
IcmpFloodDetector,1.0,voip_stream_400,flood,0,
IcmpFloodDetector,1.0,availability_ping_90,flood,0,
IcmpFloodDetector,1.0,traceroute_burst_30,flood,0,10
IcmpFloodDetector,1.0,ssh_brute_slow_8,credentials,0,
IcmpFloodDetector,1.0,ssh_brute_fast_40,credentials,0,
IcmpFloodDetector,1.0,http_brute_slow_12,credentials,0,
IcmpFloodDetector,1.0,http_brute_fast_60,credentials,0,
IcmpFloodDetector,1.0,config_mgmt_ssh_14,credentials,0,
IcmpFloodDetector,1.0,ci_runner_ssh_6,credentials,0,
IcmpFloodDetector,1.0,sso_portal_18,credentials,0,
IcmpFloodDetector,1.0,arp_spoof_light_6,arp,0,
IcmpFloodDetector,1.0,arp_spoof_heavy_30,arp,0,
IcmpFloodDetector,1.0,arp_housekeeping_9,arp,0,
IcmpFloodDetector,1.0,beacon_5s_30,beaconing,0,
IcmpFloodDetector,1.0,beacon_30s_18_jittered,beaconing,0,
IcmpFloodDetector,1.0,beacon_60s_20,beaconing,0,
IcmpFloodDetector,1.0,telemetry_agent_60s_20,beaconing,0,
IcmpFloodDetector,1.0,healthcheck_poll_10s_40,beaconing,0,
IcmpFloodDetector,1.0,human_browsing_burst,beaconing,0,
IcmpFloodDetector,1.0,dns_tunnel_30q,dns,0,
IcmpFloodDetector,1.0,dns_tunnel_120q,dns,0,
IcmpFloodDetector,1.0,cdn_cache_keys_60q,dns,0,
IcmpFloodDetector,1.0,reputation_lookups_80q,dns,0,
IcmpFloodDetector,1.0,resolver_busy_300q,dns,0,
IcmpFloodDetector,1.0,exfil_30mb,exfiltration,0,
IcmpFloodDetector,1.0,exfil_120mb,exfiltration,0,
IcmpFloodDetector,1.0,lateral_smb_15,exfiltration,0,
IcmpFloodDetector,1.0,lateral_smb_40,exfiltration,0,
IcmpFloodDetector,1.0,backup_upload_60mb,exfiltration,0,
IcmpFloodDetector,1.0,video_call_25mb,exfiltration,0,
IcmpFloodDetector,1.0,snmp_poll_18_hosts,exfiltration,0,
IcmpFloodDetector,1.0,fileserver_clients_30,exfiltration,0,
IcmpFloodDetector,1.0,backdoor_port_4444,baseline,0,
IcmpFloodDetector,1.0,irc_client_6667,baseline,0,
IcmpFloodDetector,1.0,ordinary_traffic,baseline,0,
IcmpFloodDetector,5.0,scan_stealth_12ports,recon,0,
IcmpFloodDetector,5.0,scan_moderate_25ports,recon,0,
IcmpFloodDetector,5.0,scan_aggressive_60ports,recon,0,
IcmpFloodDetector,5.0,scan_ack_25ports,recon,0,
IcmpFloodDetector,5.0,lb_backend_probe_10ports,recon,0,
IcmpFloodDetector,5.0,service_inventory_14ports,recon,0,
IcmpFloodDetector,5.0,browser_session_4ports,recon,0,
IcmpFloodDetector,5.0,syn_flood_moderate,flood,0,
IcmpFloodDetector,5.0,syn_flood_heavy,flood,0,
IcmpFloodDetector,5.0,udp_flood_moderate,flood,0,
IcmpFloodDetector,5.0,udp_flood_heavy,flood,0,
IcmpFloodDetector,5.0,icmp_flood_moderate,flood,1,50
IcmpFloodDetector,5.0,icmp_flood_heavy,flood,1,250
IcmpFloodDetector,5.0,busy_web_server_300,flood,0,
IcmpFloodDetector,5.0,voip_stream_400,flood,0,
IcmpFloodDetector,5.0,availability_ping_90,flood,0,
IcmpFloodDetector,5.0,traceroute_burst_30,flood,0,30
IcmpFloodDetector,5.0,ssh_brute_slow_8,credentials,0,
IcmpFloodDetector,5.0,ssh_brute_fast_40,credentials,0,
IcmpFloodDetector,5.0,http_brute_slow_12,credentials,0,
IcmpFloodDetector,5.0,http_brute_fast_60,credentials,0,
IcmpFloodDetector,5.0,config_mgmt_ssh_14,credentials,0,
IcmpFloodDetector,5.0,ci_runner_ssh_6,credentials,0,
IcmpFloodDetector,5.0,sso_portal_18,credentials,0,
IcmpFloodDetector,5.0,arp_spoof_light_6,arp,0,
IcmpFloodDetector,5.0,arp_spoof_heavy_30,arp,0,
IcmpFloodDetector,5.0,arp_housekeeping_9,arp,0,
IcmpFloodDetector,5.0,beacon_5s_30,beaconing,0,
IcmpFloodDetector,5.0,beacon_30s_18_jittered,beaconing,0,
IcmpFloodDetector,5.0,beacon_60s_20,beaconing,0,
IcmpFloodDetector,5.0,telemetry_agent_60s_20,beaconing,0,
IcmpFloodDetector,5.0,healthcheck_poll_10s_40,beaconing,0,
IcmpFloodDetector,5.0,human_browsing_burst,beaconing,0,
IcmpFloodDetector,5.0,dns_tunnel_30q,dns,0,
IcmpFloodDetector,5.0,dns_tunnel_120q,dns,0,
IcmpFloodDetector,5.0,cdn_cache_keys_60q,dns,0,
IcmpFloodDetector,5.0,reputation_lookups_80q,dns,0,
IcmpFloodDetector,5.0,resolver_busy_300q,dns,0,
IcmpFloodDetector,5.0,exfil_30mb,exfiltration,0,
IcmpFloodDetector,5.0,exfil_120mb,exfiltration,0,
IcmpFloodDetector,5.0,lateral_smb_15,exfiltration,0,
IcmpFloodDetector,5.0,lateral_smb_40,exfiltration,0,
IcmpFloodDetector,5.0,backup_upload_60mb,exfiltration,0,
IcmpFloodDetector,5.0,video_call_25mb,exfiltration,0,
IcmpFloodDetector,5.0,snmp_poll_18_hosts,exfiltration,0,
IcmpFloodDetector,5.0,fileserver_clients_30,exfiltration,0,
IcmpFloodDetector,5.0,backdoor_port_4444,baseline,0,
IcmpFloodDetector,5.0,irc_client_6667,baseline,0,
IcmpFloodDetector,5.0,ordinary_traffic,baseline,0,
IcmpFloodDetector,10.0,scan_stealth_12ports,recon,0,
IcmpFloodDetector,10.0,scan_moderate_25ports,recon,0,
IcmpFloodDetector,10.0,scan_aggressive_60ports,recon,0,
IcmpFloodDetector,10.0,scan_ack_25ports,recon,0,
IcmpFloodDetector,10.0,lb_backend_probe_10ports,recon,0,
IcmpFloodDetector,10.0,service_inventory_14ports,recon,0,
IcmpFloodDetector,10.0,browser_session_4ports,recon,0,
IcmpFloodDetector,10.0,syn_flood_moderate,flood,0,
IcmpFloodDetector,10.0,syn_flood_heavy,flood,0,
IcmpFloodDetector,10.0,udp_flood_moderate,flood,0,
IcmpFloodDetector,10.0,udp_flood_heavy,flood,0,
IcmpFloodDetector,10.0,icmp_flood_moderate,flood,1,50
IcmpFloodDetector,10.0,icmp_flood_heavy,flood,1,250
IcmpFloodDetector,10.0,busy_web_server_300,flood,0,
IcmpFloodDetector,10.0,voip_stream_400,flood,0,
IcmpFloodDetector,10.0,availability_ping_90,flood,0,10
IcmpFloodDetector,10.0,traceroute_burst_30,flood,0,30
IcmpFloodDetector,10.0,ssh_brute_slow_8,credentials,0,
IcmpFloodDetector,10.0,ssh_brute_fast_40,credentials,0,
IcmpFloodDetector,10.0,http_brute_slow_12,credentials,0,
IcmpFloodDetector,10.0,http_brute_fast_60,credentials,0,
IcmpFloodDetector,10.0,config_mgmt_ssh_14,credentials,0,
IcmpFloodDetector,10.0,ci_runner_ssh_6,credentials,0,
IcmpFloodDetector,10.0,sso_portal_18,credentials,0,
IcmpFloodDetector,10.0,arp_spoof_light_6,arp,0,
IcmpFloodDetector,10.0,arp_spoof_heavy_30,arp,0,
IcmpFloodDetector,10.0,arp_housekeeping_9,arp,0,
IcmpFloodDetector,10.0,beacon_5s_30,beaconing,0,
IcmpFloodDetector,10.0,beacon_30s_18_jittered,beaconing,0,
IcmpFloodDetector,10.0,beacon_60s_20,beaconing,0,
IcmpFloodDetector,10.0,telemetry_agent_60s_20,beaconing,0,
IcmpFloodDetector,10.0,healthcheck_poll_10s_40,beaconing,0,
IcmpFloodDetector,10.0,human_browsing_burst,beaconing,0,
IcmpFloodDetector,10.0,dns_tunnel_30q,dns,0,
IcmpFloodDetector,10.0,dns_tunnel_120q,dns,0,
IcmpFloodDetector,10.0,cdn_cache_keys_60q,dns,0,
IcmpFloodDetector,10.0,reputation_lookups_80q,dns,0,
IcmpFloodDetector,10.0,resolver_busy_300q,dns,0,
IcmpFloodDetector,10.0,exfil_30mb,exfiltration,0,
IcmpFloodDetector,10.0,exfil_120mb,exfiltration,0,
IcmpFloodDetector,10.0,lateral_smb_15,exfiltration,0,
IcmpFloodDetector,10.0,lateral_smb_40,exfiltration,0,
IcmpFloodDetector,10.0,backup_upload_60mb,exfiltration,0,
IcmpFloodDetector,10.0,video_call_25mb,exfiltration,0,
IcmpFloodDetector,10.0,snmp_poll_18_hosts,exfiltration,0,
IcmpFloodDetector,10.0,fileserver_clients_30,exfiltration,0,
IcmpFloodDetector,10.0,backdoor_port_4444,baseline,0,
IcmpFloodDetector,10.0,irc_client_6667,baseline,0,
IcmpFloodDetector,10.0,ordinary_traffic,baseline,0,
IcmpFloodDetector,30.0,scan_stealth_12ports,recon,0,
IcmpFloodDetector,30.0,scan_moderate_25ports,recon,0,
IcmpFloodDetector,30.0,scan_aggressive_60ports,recon,0,
IcmpFloodDetector,30.0,scan_ack_25ports,recon,0,
IcmpFloodDetector,30.0,lb_backend_probe_10ports,recon,0,
IcmpFloodDetector,30.0,service_inventory_14ports,recon,0,
IcmpFloodDetector,30.0,browser_session_4ports,recon,0,
IcmpFloodDetector,30.0,syn_flood_moderate,flood,0,
IcmpFloodDetector,30.0,syn_flood_heavy,flood,0,
IcmpFloodDetector,30.0,udp_flood_moderate,flood,0,
IcmpFloodDetector,30.0,udp_flood_heavy,flood,0,
IcmpFloodDetector,30.0,icmp_flood_moderate,flood,1,50
IcmpFloodDetector,30.0,icmp_flood_heavy,flood,1,250
IcmpFloodDetector,30.0,busy_web_server_300,flood,0,
IcmpFloodDetector,30.0,voip_stream_400,flood,0,
IcmpFloodDetector,30.0,availability_ping_90,flood,0,40
IcmpFloodDetector,30.0,traceroute_burst_30,flood,0,30
IcmpFloodDetector,30.0,ssh_brute_slow_8,credentials,0,
IcmpFloodDetector,30.0,ssh_brute_fast_40,credentials,0,
IcmpFloodDetector,30.0,http_brute_slow_12,credentials,0,
IcmpFloodDetector,30.0,http_brute_fast_60,credentials,0,
IcmpFloodDetector,30.0,config_mgmt_ssh_14,credentials,0,
IcmpFloodDetector,30.0,ci_runner_ssh_6,credentials,0,
IcmpFloodDetector,30.0,sso_portal_18,credentials,0,
IcmpFloodDetector,30.0,arp_spoof_light_6,arp,0,
IcmpFloodDetector,30.0,arp_spoof_heavy_30,arp,0,
IcmpFloodDetector,30.0,arp_housekeeping_9,arp,0,
IcmpFloodDetector,30.0,beacon_5s_30,beaconing,0,
IcmpFloodDetector,30.0,beacon_30s_18_jittered,beaconing,0,
IcmpFloodDetector,30.0,beacon_60s_20,beaconing,0,
IcmpFloodDetector,30.0,telemetry_agent_60s_20,beaconing,0,
IcmpFloodDetector,30.0,healthcheck_poll_10s_40,beaconing,0,
IcmpFloodDetector,30.0,human_browsing_burst,beaconing,0,
IcmpFloodDetector,30.0,dns_tunnel_30q,dns,0,
IcmpFloodDetector,30.0,dns_tunnel_120q,dns,0,
IcmpFloodDetector,30.0,cdn_cache_keys_60q,dns,0,
IcmpFloodDetector,30.0,reputation_lookups_80q,dns,0,
IcmpFloodDetector,30.0,resolver_busy_300q,dns,0,
IcmpFloodDetector,30.0,exfil_30mb,exfiltration,0,
IcmpFloodDetector,30.0,exfil_120mb,exfiltration,0,
IcmpFloodDetector,30.0,lateral_smb_15,exfiltration,0,
IcmpFloodDetector,30.0,lateral_smb_40,exfiltration,0,
IcmpFloodDetector,30.0,backup_upload_60mb,exfiltration,0,
IcmpFloodDetector,30.0,video_call_25mb,exfiltration,0,
IcmpFloodDetector,30.0,snmp_poll_18_hosts,exfiltration,0,
IcmpFloodDetector,30.0,fileserver_clients_30,exfiltration,0,
IcmpFloodDetector,30.0,backdoor_port_4444,baseline,0,
IcmpFloodDetector,30.0,irc_client_6667,baseline,0,
IcmpFloodDetector,30.0,ordinary_traffic,baseline,0,
IcmpFloodDetector,60.0,scan_stealth_12ports,recon,0,
IcmpFloodDetector,60.0,scan_moderate_25ports,recon,0,
IcmpFloodDetector,60.0,scan_aggressive_60ports,recon,0,
IcmpFloodDetector,60.0,scan_ack_25ports,recon,0,
IcmpFloodDetector,60.0,lb_backend_probe_10ports,recon,0,
IcmpFloodDetector,60.0,service_inventory_14ports,recon,0,
IcmpFloodDetector,60.0,browser_session_4ports,recon,0,
IcmpFloodDetector,60.0,syn_flood_moderate,flood,0,
IcmpFloodDetector,60.0,syn_flood_heavy,flood,0,
IcmpFloodDetector,60.0,udp_flood_moderate,flood,0,
IcmpFloodDetector,60.0,udp_flood_heavy,flood,0,
IcmpFloodDetector,60.0,icmp_flood_moderate,flood,1,50
IcmpFloodDetector,60.0,icmp_flood_heavy,flood,1,250
IcmpFloodDetector,60.0,busy_web_server_300,flood,0,
IcmpFloodDetector,60.0,voip_stream_400,flood,0,
IcmpFloodDetector,60.0,availability_ping_90,flood,0,40
IcmpFloodDetector,60.0,traceroute_burst_30,flood,0,30
IcmpFloodDetector,60.0,ssh_brute_slow_8,credentials,0,
IcmpFloodDetector,60.0,ssh_brute_fast_40,credentials,0,
IcmpFloodDetector,60.0,http_brute_slow_12,credentials,0,
IcmpFloodDetector,60.0,http_brute_fast_60,credentials,0,
IcmpFloodDetector,60.0,config_mgmt_ssh_14,credentials,0,
IcmpFloodDetector,60.0,ci_runner_ssh_6,credentials,0,
IcmpFloodDetector,60.0,sso_portal_18,credentials,0,
IcmpFloodDetector,60.0,arp_spoof_light_6,arp,0,
IcmpFloodDetector,60.0,arp_spoof_heavy_30,arp,0,
IcmpFloodDetector,60.0,arp_housekeeping_9,arp,0,
IcmpFloodDetector,60.0,beacon_5s_30,beaconing,0,
IcmpFloodDetector,60.0,beacon_30s_18_jittered,beaconing,0,
IcmpFloodDetector,60.0,beacon_60s_20,beaconing,0,
IcmpFloodDetector,60.0,telemetry_agent_60s_20,beaconing,0,
IcmpFloodDetector,60.0,healthcheck_poll_10s_40,beaconing,0,
IcmpFloodDetector,60.0,human_browsing_burst,beaconing,0,
IcmpFloodDetector,60.0,dns_tunnel_30q,dns,0,
IcmpFloodDetector,60.0,dns_tunnel_120q,dns,0,
IcmpFloodDetector,60.0,cdn_cache_keys_60q,dns,0,
IcmpFloodDetector,60.0,reputation_lookups_80q,dns,0,
IcmpFloodDetector,60.0,resolver_busy_300q,dns,0,
IcmpFloodDetector,60.0,exfil_30mb,exfiltration,0,
IcmpFloodDetector,60.0,exfil_120mb,exfiltration,0,
IcmpFloodDetector,60.0,lateral_smb_15,exfiltration,0,
IcmpFloodDetector,60.0,lateral_smb_40,exfiltration,0,
IcmpFloodDetector,60.0,backup_upload_60mb,exfiltration,0,
IcmpFloodDetector,60.0,video_call_25mb,exfiltration,0,
IcmpFloodDetector,60.0,snmp_poll_18_hosts,exfiltration,0,
IcmpFloodDetector,60.0,fileserver_clients_30,exfiltration,0,
IcmpFloodDetector,60.0,backdoor_port_4444,baseline,0,
IcmpFloodDetector,60.0,irc_client_6667,baseline,0,
IcmpFloodDetector,60.0,ordinary_traffic,baseline,0,
IcmpFloodDetector,300.0,scan_stealth_12ports,recon,0,
IcmpFloodDetector,300.0,scan_moderate_25ports,recon,0,
IcmpFloodDetector,300.0,scan_aggressive_60ports,recon,0,
IcmpFloodDetector,300.0,scan_ack_25ports,recon,0,
IcmpFloodDetector,300.0,lb_backend_probe_10ports,recon,0,
IcmpFloodDetector,300.0,service_inventory_14ports,recon,0,
IcmpFloodDetector,300.0,browser_session_4ports,recon,0,
IcmpFloodDetector,300.0,syn_flood_moderate,flood,0,
IcmpFloodDetector,300.0,syn_flood_heavy,flood,0,
IcmpFloodDetector,300.0,udp_flood_moderate,flood,0,
IcmpFloodDetector,300.0,udp_flood_heavy,flood,0,
IcmpFloodDetector,300.0,icmp_flood_moderate,flood,1,50
IcmpFloodDetector,300.0,icmp_flood_heavy,flood,1,250
IcmpFloodDetector,300.0,busy_web_server_300,flood,0,
IcmpFloodDetector,300.0,voip_stream_400,flood,0,
IcmpFloodDetector,300.0,availability_ping_90,flood,0,75
IcmpFloodDetector,300.0,traceroute_burst_30,flood,0,30
IcmpFloodDetector,300.0,ssh_brute_slow_8,credentials,0,
IcmpFloodDetector,300.0,ssh_brute_fast_40,credentials,0,
IcmpFloodDetector,300.0,http_brute_slow_12,credentials,0,
IcmpFloodDetector,300.0,http_brute_fast_60,credentials,0,
IcmpFloodDetector,300.0,config_mgmt_ssh_14,credentials,0,
IcmpFloodDetector,300.0,ci_runner_ssh_6,credentials,0,
IcmpFloodDetector,300.0,sso_portal_18,credentials,0,
IcmpFloodDetector,300.0,arp_spoof_light_6,arp,0,
IcmpFloodDetector,300.0,arp_spoof_heavy_30,arp,0,
IcmpFloodDetector,300.0,arp_housekeeping_9,arp,0,
IcmpFloodDetector,300.0,beacon_5s_30,beaconing,0,
IcmpFloodDetector,300.0,beacon_30s_18_jittered,beaconing,0,
IcmpFloodDetector,300.0,beacon_60s_20,beaconing,0,
IcmpFloodDetector,300.0,telemetry_agent_60s_20,beaconing,0,
IcmpFloodDetector,300.0,healthcheck_poll_10s_40,beaconing,0,
IcmpFloodDetector,300.0,human_browsing_burst,beaconing,0,
IcmpFloodDetector,300.0,dns_tunnel_30q,dns,0,
IcmpFloodDetector,300.0,dns_tunnel_120q,dns,0,
IcmpFloodDetector,300.0,cdn_cache_keys_60q,dns,0,
IcmpFloodDetector,300.0,reputation_lookups_80q,dns,0,
IcmpFloodDetector,300.0,resolver_busy_300q,dns,0,
IcmpFloodDetector,300.0,exfil_30mb,exfiltration,0,
IcmpFloodDetector,300.0,exfil_120mb,exfiltration,0,
IcmpFloodDetector,300.0,lateral_smb_15,exfiltration,0,
IcmpFloodDetector,300.0,lateral_smb_40,exfiltration,0,
IcmpFloodDetector,300.0,backup_upload_60mb,exfiltration,0,
IcmpFloodDetector,300.0,video_call_25mb,exfiltration,0,
IcmpFloodDetector,300.0,snmp_poll_18_hosts,exfiltration,0,
IcmpFloodDetector,300.0,fileserver_clients_30,exfiltration,0,
IcmpFloodDetector,300.0,backdoor_port_4444,baseline,0,
IcmpFloodDetector,300.0,irc_client_6667,baseline,0,
IcmpFloodDetector,300.0,ordinary_traffic,baseline,0,
IcmpFloodDetector,3600.0,scan_stealth_12ports,recon,0,
IcmpFloodDetector,3600.0,scan_moderate_25ports,recon,0,
IcmpFloodDetector,3600.0,scan_aggressive_60ports,recon,0,
IcmpFloodDetector,3600.0,scan_ack_25ports,recon,0,
IcmpFloodDetector,3600.0,lb_backend_probe_10ports,recon,0,
IcmpFloodDetector,3600.0,service_inventory_14ports,recon,0,
IcmpFloodDetector,3600.0,browser_session_4ports,recon,0,
IcmpFloodDetector,3600.0,syn_flood_moderate,flood,0,
IcmpFloodDetector,3600.0,syn_flood_heavy,flood,0,
IcmpFloodDetector,3600.0,udp_flood_moderate,flood,0,
IcmpFloodDetector,3600.0,udp_flood_heavy,flood,0,
IcmpFloodDetector,3600.0,icmp_flood_moderate,flood,1,50
IcmpFloodDetector,3600.0,icmp_flood_heavy,flood,1,250
IcmpFloodDetector,3600.0,busy_web_server_300,flood,0,
IcmpFloodDetector,3600.0,voip_stream_400,flood,0,
IcmpFloodDetector,3600.0,availability_ping_90,flood,0,75
IcmpFloodDetector,3600.0,traceroute_burst_30,flood,0,30
IcmpFloodDetector,3600.0,ssh_brute_slow_8,credentials,0,
IcmpFloodDetector,3600.0,ssh_brute_fast_40,credentials,0,
IcmpFloodDetector,3600.0,http_brute_slow_12,credentials,0,
IcmpFloodDetector,3600.0,http_brute_fast_60,credentials,0,
IcmpFloodDetector,3600.0,config_mgmt_ssh_14,credentials,0,
IcmpFloodDetector,3600.0,ci_runner_ssh_6,credentials,0,
IcmpFloodDetector,3600.0,sso_portal_18,credentials,0,
IcmpFloodDetector,3600.0,arp_spoof_light_6,arp,0,
IcmpFloodDetector,3600.0,arp_spoof_heavy_30,arp,0,
IcmpFloodDetector,3600.0,arp_housekeeping_9,arp,0,
IcmpFloodDetector,3600.0,beacon_5s_30,beaconing,0,
IcmpFloodDetector,3600.0,beacon_30s_18_jittered,beaconing,0,
IcmpFloodDetector,3600.0,beacon_60s_20,beaconing,0,
IcmpFloodDetector,3600.0,telemetry_agent_60s_20,beaconing,0,
IcmpFloodDetector,3600.0,healthcheck_poll_10s_40,beaconing,0,
IcmpFloodDetector,3600.0,human_browsing_burst,beaconing,0,
IcmpFloodDetector,3600.0,dns_tunnel_30q,dns,0,
IcmpFloodDetector,3600.0,dns_tunnel_120q,dns,0,
IcmpFloodDetector,3600.0,cdn_cache_keys_60q,dns,0,
IcmpFloodDetector,3600.0,reputation_lookups_80q,dns,0,
IcmpFloodDetector,3600.0,resolver_busy_300q,dns,0,
IcmpFloodDetector,3600.0,exfil_30mb,exfiltration,0,
IcmpFloodDetector,3600.0,exfil_120mb,exfiltration,0,
IcmpFloodDetector,3600.0,lateral_smb_15,exfiltration,0,
IcmpFloodDetector,3600.0,lateral_smb_40,exfiltration,0,
IcmpFloodDetector,3600.0,backup_upload_60mb,exfiltration,0,
IcmpFloodDetector,3600.0,video_call_25mb,exfiltration,0,
IcmpFloodDetector,3600.0,snmp_poll_18_hosts,exfiltration,0,
IcmpFloodDetector,3600.0,fileserver_clients_30,exfiltration,0,
IcmpFloodDetector,3600.0,backdoor_port_4444,baseline,0,
IcmpFloodDetector,3600.0,irc_client_6667,baseline,0,
IcmpFloodDetector,3600.0,ordinary_traffic,baseline,0,
LateralMovementDetector,1.0,scan_stealth_12ports,recon,0,
LateralMovementDetector,1.0,scan_moderate_25ports,recon,0,
LateralMovementDetector,1.0,scan_aggressive_60ports,recon,0,
LateralMovementDetector,1.0,scan_ack_25ports,recon,0,
LateralMovementDetector,1.0,lb_backend_probe_10ports,recon,0,
LateralMovementDetector,1.0,service_inventory_14ports,recon,0,
LateralMovementDetector,1.0,browser_session_4ports,recon,0,
LateralMovementDetector,1.0,syn_flood_moderate,flood,0,
LateralMovementDetector,1.0,syn_flood_heavy,flood,0,
LateralMovementDetector,1.0,udp_flood_moderate,flood,0,
LateralMovementDetector,1.0,udp_flood_heavy,flood,0,
LateralMovementDetector,1.0,icmp_flood_moderate,flood,0,
LateralMovementDetector,1.0,icmp_flood_heavy,flood,0,
LateralMovementDetector,1.0,busy_web_server_300,flood,0,
LateralMovementDetector,1.0,voip_stream_400,flood,0,
LateralMovementDetector,1.0,availability_ping_90,flood,0,
LateralMovementDetector,1.0,traceroute_burst_30,flood,0,
LateralMovementDetector,1.0,ssh_brute_slow_8,credentials,0,
LateralMovementDetector,1.0,ssh_brute_fast_40,credentials,0,
LateralMovementDetector,1.0,http_brute_slow_12,credentials,0,
LateralMovementDetector,1.0,http_brute_fast_60,credentials,0,
LateralMovementDetector,1.0,config_mgmt_ssh_14,credentials,0,
LateralMovementDetector,1.0,ci_runner_ssh_6,credentials,0,
LateralMovementDetector,1.0,sso_portal_18,credentials,0,
LateralMovementDetector,1.0,arp_spoof_light_6,arp,0,
LateralMovementDetector,1.0,arp_spoof_heavy_30,arp,0,
LateralMovementDetector,1.0,arp_housekeeping_9,arp,0,
LateralMovementDetector,1.0,beacon_5s_30,beaconing,0,
LateralMovementDetector,1.0,beacon_30s_18_jittered,beaconing,0,
LateralMovementDetector,1.0,beacon_60s_20,beaconing,0,
LateralMovementDetector,1.0,telemetry_agent_60s_20,beaconing,0,
LateralMovementDetector,1.0,healthcheck_poll_10s_40,beaconing,0,
LateralMovementDetector,1.0,human_browsing_burst,beaconing,0,
LateralMovementDetector,1.0,dns_tunnel_30q,dns,0,
LateralMovementDetector,1.0,dns_tunnel_120q,dns,0,
LateralMovementDetector,1.0,cdn_cache_keys_60q,dns,0,
LateralMovementDetector,1.0,reputation_lookups_80q,dns,0,
LateralMovementDetector,1.0,resolver_busy_300q,dns,0,
LateralMovementDetector,1.0,exfil_30mb,exfiltration,0,
LateralMovementDetector,1.0,exfil_120mb,exfiltration,0,
LateralMovementDetector,1.0,lateral_smb_15,exfiltration,1,
LateralMovementDetector,1.0,lateral_smb_40,exfiltration,1,
LateralMovementDetector,1.0,backup_upload_60mb,exfiltration,0,
LateralMovementDetector,1.0,video_call_25mb,exfiltration,0,
LateralMovementDetector,1.0,snmp_poll_18_hosts,exfiltration,0,
LateralMovementDetector,1.0,fileserver_clients_30,exfiltration,0,
LateralMovementDetector,1.0,backdoor_port_4444,baseline,0,
LateralMovementDetector,1.0,irc_client_6667,baseline,0,
LateralMovementDetector,1.0,ordinary_traffic,baseline,0,
LateralMovementDetector,5.0,scan_stealth_12ports,recon,0,
LateralMovementDetector,5.0,scan_moderate_25ports,recon,0,
LateralMovementDetector,5.0,scan_aggressive_60ports,recon,0,
LateralMovementDetector,5.0,scan_ack_25ports,recon,0,
LateralMovementDetector,5.0,lb_backend_probe_10ports,recon,0,
LateralMovementDetector,5.0,service_inventory_14ports,recon,0,
LateralMovementDetector,5.0,browser_session_4ports,recon,0,
LateralMovementDetector,5.0,syn_flood_moderate,flood,0,
LateralMovementDetector,5.0,syn_flood_heavy,flood,0,
LateralMovementDetector,5.0,udp_flood_moderate,flood,0,
LateralMovementDetector,5.0,udp_flood_heavy,flood,0,
LateralMovementDetector,5.0,icmp_flood_moderate,flood,0,
LateralMovementDetector,5.0,icmp_flood_heavy,flood,0,
LateralMovementDetector,5.0,busy_web_server_300,flood,0,
LateralMovementDetector,5.0,voip_stream_400,flood,0,
LateralMovementDetector,5.0,availability_ping_90,flood,0,
LateralMovementDetector,5.0,traceroute_burst_30,flood,0,
LateralMovementDetector,5.0,ssh_brute_slow_8,credentials,0,
LateralMovementDetector,5.0,ssh_brute_fast_40,credentials,0,
LateralMovementDetector,5.0,http_brute_slow_12,credentials,0,
LateralMovementDetector,5.0,http_brute_fast_60,credentials,0,
LateralMovementDetector,5.0,config_mgmt_ssh_14,credentials,0,
LateralMovementDetector,5.0,ci_runner_ssh_6,credentials,0,
LateralMovementDetector,5.0,sso_portal_18,credentials,0,
LateralMovementDetector,5.0,arp_spoof_light_6,arp,0,
LateralMovementDetector,5.0,arp_spoof_heavy_30,arp,0,
LateralMovementDetector,5.0,arp_housekeeping_9,arp,0,
LateralMovementDetector,5.0,beacon_5s_30,beaconing,0,
LateralMovementDetector,5.0,beacon_30s_18_jittered,beaconing,0,
LateralMovementDetector,5.0,beacon_60s_20,beaconing,0,
LateralMovementDetector,5.0,telemetry_agent_60s_20,beaconing,0,
LateralMovementDetector,5.0,healthcheck_poll_10s_40,beaconing,0,
LateralMovementDetector,5.0,human_browsing_burst,beaconing,0,
LateralMovementDetector,5.0,dns_tunnel_30q,dns,0,
LateralMovementDetector,5.0,dns_tunnel_120q,dns,0,
LateralMovementDetector,5.0,cdn_cache_keys_60q,dns,0,
LateralMovementDetector,5.0,reputation_lookups_80q,dns,0,
LateralMovementDetector,5.0,resolver_busy_300q,dns,0,
LateralMovementDetector,5.0,exfil_30mb,exfiltration,0,
LateralMovementDetector,5.0,exfil_120mb,exfiltration,0,
LateralMovementDetector,5.0,lateral_smb_15,exfiltration,1,
LateralMovementDetector,5.0,lateral_smb_40,exfiltration,1,8
LateralMovementDetector,5.0,backup_upload_60mb,exfiltration,0,
LateralMovementDetector,5.0,video_call_25mb,exfiltration,0,
LateralMovementDetector,5.0,snmp_poll_18_hosts,exfiltration,0,
LateralMovementDetector,5.0,fileserver_clients_30,exfiltration,0,
LateralMovementDetector,5.0,backdoor_port_4444,baseline,0,
LateralMovementDetector,5.0,irc_client_6667,baseline,0,
LateralMovementDetector,5.0,ordinary_traffic,baseline,0,
LateralMovementDetector,10.0,scan_stealth_12ports,recon,0,
LateralMovementDetector,10.0,scan_moderate_25ports,recon,0,
LateralMovementDetector,10.0,scan_aggressive_60ports,recon,0,
LateralMovementDetector,10.0,scan_ack_25ports,recon,0,
LateralMovementDetector,10.0,lb_backend_probe_10ports,recon,0,
LateralMovementDetector,10.0,service_inventory_14ports,recon,0,
LateralMovementDetector,10.0,browser_session_4ports,recon,0,
LateralMovementDetector,10.0,syn_flood_moderate,flood,0,
LateralMovementDetector,10.0,syn_flood_heavy,flood,0,
LateralMovementDetector,10.0,udp_flood_moderate,flood,0,
LateralMovementDetector,10.0,udp_flood_heavy,flood,0,
LateralMovementDetector,10.0,icmp_flood_moderate,flood,0,
LateralMovementDetector,10.0,icmp_flood_heavy,flood,0,
LateralMovementDetector,10.0,busy_web_server_300,flood,0,
LateralMovementDetector,10.0,voip_stream_400,flood,0,
LateralMovementDetector,10.0,availability_ping_90,flood,0,
LateralMovementDetector,10.0,traceroute_burst_30,flood,0,
LateralMovementDetector,10.0,ssh_brute_slow_8,credentials,0,
LateralMovementDetector,10.0,ssh_brute_fast_40,credentials,0,
LateralMovementDetector,10.0,http_brute_slow_12,credentials,0,
LateralMovementDetector,10.0,http_brute_fast_60,credentials,0,
LateralMovementDetector,10.0,config_mgmt_ssh_14,credentials,0,
LateralMovementDetector,10.0,ci_runner_ssh_6,credentials,0,
LateralMovementDetector,10.0,sso_portal_18,credentials,0,
LateralMovementDetector,10.0,arp_spoof_light_6,arp,0,
LateralMovementDetector,10.0,arp_spoof_heavy_30,arp,0,
LateralMovementDetector,10.0,arp_housekeeping_9,arp,0,
LateralMovementDetector,10.0,beacon_5s_30,beaconing,0,
LateralMovementDetector,10.0,beacon_30s_18_jittered,beaconing,0,
LateralMovementDetector,10.0,beacon_60s_20,beaconing,0,
LateralMovementDetector,10.0,telemetry_agent_60s_20,beaconing,0,
LateralMovementDetector,10.0,healthcheck_poll_10s_40,beaconing,0,
LateralMovementDetector,10.0,human_browsing_burst,beaconing,0,
LateralMovementDetector,10.0,dns_tunnel_30q,dns,0,
LateralMovementDetector,10.0,dns_tunnel_120q,dns,0,
LateralMovementDetector,10.0,cdn_cache_keys_60q,dns,0,
LateralMovementDetector,10.0,reputation_lookups_80q,dns,0,
LateralMovementDetector,10.0,resolver_busy_300q,dns,0,
LateralMovementDetector,10.0,exfil_30mb,exfiltration,0,
LateralMovementDetector,10.0,exfil_120mb,exfiltration,0,
LateralMovementDetector,10.0,lateral_smb_15,exfiltration,1,5
LateralMovementDetector,10.0,lateral_smb_40,exfiltration,1,15
LateralMovementDetector,10.0,backup_upload_60mb,exfiltration,0,
LateralMovementDetector,10.0,video_call_25mb,exfiltration,0,
LateralMovementDetector,10.0,snmp_poll_18_hosts,exfiltration,0,5
LateralMovementDetector,10.0,fileserver_clients_30,exfiltration,0,
LateralMovementDetector,10.0,backdoor_port_4444,baseline,0,
LateralMovementDetector,10.0,irc_client_6667,baseline,0,
LateralMovementDetector,10.0,ordinary_traffic,baseline,0,
LateralMovementDetector,30.0,scan_stealth_12ports,recon,0,
LateralMovementDetector,30.0,scan_moderate_25ports,recon,0,
LateralMovementDetector,30.0,scan_aggressive_60ports,recon,0,
LateralMovementDetector,30.0,scan_ack_25ports,recon,0,
LateralMovementDetector,30.0,lb_backend_probe_10ports,recon,0,
LateralMovementDetector,30.0,service_inventory_14ports,recon,0,
LateralMovementDetector,30.0,browser_session_4ports,recon,0,
LateralMovementDetector,30.0,syn_flood_moderate,flood,0,
LateralMovementDetector,30.0,syn_flood_heavy,flood,0,
LateralMovementDetector,30.0,udp_flood_moderate,flood,0,
LateralMovementDetector,30.0,udp_flood_heavy,flood,0,
LateralMovementDetector,30.0,icmp_flood_moderate,flood,0,
LateralMovementDetector,30.0,icmp_flood_heavy,flood,0,
LateralMovementDetector,30.0,busy_web_server_300,flood,0,
LateralMovementDetector,30.0,voip_stream_400,flood,0,
LateralMovementDetector,30.0,availability_ping_90,flood,0,
LateralMovementDetector,30.0,traceroute_burst_30,flood,0,
LateralMovementDetector,30.0,ssh_brute_slow_8,credentials,0,
LateralMovementDetector,30.0,ssh_brute_fast_40,credentials,0,
LateralMovementDetector,30.0,http_brute_slow_12,credentials,0,
LateralMovementDetector,30.0,http_brute_fast_60,credentials,0,
LateralMovementDetector,30.0,config_mgmt_ssh_14,credentials,0,5
LateralMovementDetector,30.0,ci_runner_ssh_6,credentials,0,
LateralMovementDetector,30.0,sso_portal_18,credentials,0,
LateralMovementDetector,30.0,arp_spoof_light_6,arp,0,
LateralMovementDetector,30.0,arp_spoof_heavy_30,arp,0,
LateralMovementDetector,30.0,arp_housekeeping_9,arp,0,
LateralMovementDetector,30.0,beacon_5s_30,beaconing,0,
LateralMovementDetector,30.0,beacon_30s_18_jittered,beaconing,0,
LateralMovementDetector,30.0,beacon_60s_20,beaconing,0,
LateralMovementDetector,30.0,telemetry_agent_60s_20,beaconing,0,
LateralMovementDetector,30.0,healthcheck_poll_10s_40,beaconing,0,
LateralMovementDetector,30.0,human_browsing_burst,beaconing,0,
LateralMovementDetector,30.0,dns_tunnel_30q,dns,0,
LateralMovementDetector,30.0,dns_tunnel_120q,dns,0,
LateralMovementDetector,30.0,cdn_cache_keys_60q,dns,0,
LateralMovementDetector,30.0,reputation_lookups_80q,dns,0,
LateralMovementDetector,30.0,resolver_busy_300q,dns,0,
LateralMovementDetector,30.0,exfil_30mb,exfiltration,0,
LateralMovementDetector,30.0,exfil_120mb,exfiltration,0,
LateralMovementDetector,30.0,lateral_smb_15,exfiltration,1,8
LateralMovementDetector,30.0,lateral_smb_40,exfiltration,1,30
LateralMovementDetector,30.0,backup_upload_60mb,exfiltration,0,
LateralMovementDetector,30.0,video_call_25mb,exfiltration,0,
LateralMovementDetector,30.0,snmp_poll_18_hosts,exfiltration,0,8
LateralMovementDetector,30.0,fileserver_clients_30,exfiltration,0,
LateralMovementDetector,30.0,backdoor_port_4444,baseline,0,
LateralMovementDetector,30.0,irc_client_6667,baseline,0,
LateralMovementDetector,30.0,ordinary_traffic,baseline,0,
LateralMovementDetector,60.0,scan_stealth_12ports,recon,0,
LateralMovementDetector,60.0,scan_moderate_25ports,recon,0,
LateralMovementDetector,60.0,scan_aggressive_60ports,recon,0,
LateralMovementDetector,60.0,scan_ack_25ports,recon,0,
LateralMovementDetector,60.0,lb_backend_probe_10ports,recon,0,
LateralMovementDetector,60.0,service_inventory_14ports,recon,0,
LateralMovementDetector,60.0,browser_session_4ports,recon,0,
LateralMovementDetector,60.0,syn_flood_moderate,flood,0,
LateralMovementDetector,60.0,syn_flood_heavy,flood,0,
LateralMovementDetector,60.0,udp_flood_moderate,flood,0,
LateralMovementDetector,60.0,udp_flood_heavy,flood,0,
LateralMovementDetector,60.0,icmp_flood_moderate,flood,0,
LateralMovementDetector,60.0,icmp_flood_heavy,flood,0,
LateralMovementDetector,60.0,busy_web_server_300,flood,0,
LateralMovementDetector,60.0,voip_stream_400,flood,0,
LateralMovementDetector,60.0,availability_ping_90,flood,0,
LateralMovementDetector,60.0,traceroute_burst_30,flood,0,
LateralMovementDetector,60.0,ssh_brute_slow_8,credentials,0,
LateralMovementDetector,60.0,ssh_brute_fast_40,credentials,0,
LateralMovementDetector,60.0,http_brute_slow_12,credentials,0,
LateralMovementDetector,60.0,http_brute_fast_60,credentials,0,
LateralMovementDetector,60.0,config_mgmt_ssh_14,credentials,0,10
LateralMovementDetector,60.0,ci_runner_ssh_6,credentials,0,
LateralMovementDetector,60.0,sso_portal_18,credentials,0,
LateralMovementDetector,60.0,arp_spoof_light_6,arp,0,
LateralMovementDetector,60.0,arp_spoof_heavy_30,arp,0,
LateralMovementDetector,60.0,arp_housekeeping_9,arp,0,
LateralMovementDetector,60.0,beacon_5s_30,beaconing,0,
LateralMovementDetector,60.0,beacon_30s_18_jittered,beaconing,0,
LateralMovementDetector,60.0,beacon_60s_20,beaconing,0,
LateralMovementDetector,60.0,telemetry_agent_60s_20,beaconing,0,
LateralMovementDetector,60.0,healthcheck_poll_10s_40,beaconing,0,
LateralMovementDetector,60.0,human_browsing_burst,beaconing,0,
LateralMovementDetector,60.0,dns_tunnel_30q,dns,0,
LateralMovementDetector,60.0,dns_tunnel_120q,dns,0,
LateralMovementDetector,60.0,cdn_cache_keys_60q,dns,0,
LateralMovementDetector,60.0,reputation_lookups_80q,dns,0,
LateralMovementDetector,60.0,resolver_busy_300q,dns,0,
LateralMovementDetector,60.0,exfil_30mb,exfiltration,0,
LateralMovementDetector,60.0,exfil_120mb,exfiltration,0,
LateralMovementDetector,60.0,lateral_smb_15,exfiltration,1,12
LateralMovementDetector,60.0,lateral_smb_40,exfiltration,1,30
LateralMovementDetector,60.0,backup_upload_60mb,exfiltration,0,
LateralMovementDetector,60.0,video_call_25mb,exfiltration,0,
LateralMovementDetector,60.0,snmp_poll_18_hosts,exfiltration,0,15
LateralMovementDetector,60.0,fileserver_clients_30,exfiltration,0,
LateralMovementDetector,60.0,backdoor_port_4444,baseline,0,
LateralMovementDetector,60.0,irc_client_6667,baseline,0,
LateralMovementDetector,60.0,ordinary_traffic,baseline,0,
LateralMovementDetector,300.0,scan_stealth_12ports,recon,0,
LateralMovementDetector,300.0,scan_moderate_25ports,recon,0,
LateralMovementDetector,300.0,scan_aggressive_60ports,recon,0,
LateralMovementDetector,300.0,scan_ack_25ports,recon,0,
LateralMovementDetector,300.0,lb_backend_probe_10ports,recon,0,
LateralMovementDetector,300.0,service_inventory_14ports,recon,0,
LateralMovementDetector,300.0,browser_session_4ports,recon,0,
LateralMovementDetector,300.0,syn_flood_moderate,flood,0,
LateralMovementDetector,300.0,syn_flood_heavy,flood,0,
LateralMovementDetector,300.0,udp_flood_moderate,flood,0,
LateralMovementDetector,300.0,udp_flood_heavy,flood,0,
LateralMovementDetector,300.0,icmp_flood_moderate,flood,0,
LateralMovementDetector,300.0,icmp_flood_heavy,flood,0,
LateralMovementDetector,300.0,busy_web_server_300,flood,0,
LateralMovementDetector,300.0,voip_stream_400,flood,0,
LateralMovementDetector,300.0,availability_ping_90,flood,0,
LateralMovementDetector,300.0,traceroute_burst_30,flood,0,
LateralMovementDetector,300.0,ssh_brute_slow_8,credentials,0,
LateralMovementDetector,300.0,ssh_brute_fast_40,credentials,0,
LateralMovementDetector,300.0,http_brute_slow_12,credentials,0,
LateralMovementDetector,300.0,http_brute_fast_60,credentials,0,
LateralMovementDetector,300.0,config_mgmt_ssh_14,credentials,0,12
LateralMovementDetector,300.0,ci_runner_ssh_6,credentials,0,
LateralMovementDetector,300.0,sso_portal_18,credentials,0,
LateralMovementDetector,300.0,arp_spoof_light_6,arp,0,
LateralMovementDetector,300.0,arp_spoof_heavy_30,arp,0,
LateralMovementDetector,300.0,arp_housekeeping_9,arp,0,
LateralMovementDetector,300.0,beacon_5s_30,beaconing,0,
LateralMovementDetector,300.0,beacon_30s_18_jittered,beaconing,0,
LateralMovementDetector,300.0,beacon_60s_20,beaconing,0,
LateralMovementDetector,300.0,telemetry_agent_60s_20,beaconing,0,
LateralMovementDetector,300.0,healthcheck_poll_10s_40,beaconing,0,
LateralMovementDetector,300.0,human_browsing_burst,beaconing,0,
LateralMovementDetector,300.0,dns_tunnel_30q,dns,0,
LateralMovementDetector,300.0,dns_tunnel_120q,dns,0,
LateralMovementDetector,300.0,cdn_cache_keys_60q,dns,0,
LateralMovementDetector,300.0,reputation_lookups_80q,dns,0,
LateralMovementDetector,300.0,resolver_busy_300q,dns,0,
LateralMovementDetector,300.0,exfil_30mb,exfiltration,0,
LateralMovementDetector,300.0,exfil_120mb,exfiltration,0,
LateralMovementDetector,300.0,lateral_smb_15,exfiltration,1,15
LateralMovementDetector,300.0,lateral_smb_40,exfiltration,1,30
LateralMovementDetector,300.0,backup_upload_60mb,exfiltration,0,
LateralMovementDetector,300.0,video_call_25mb,exfiltration,0,
LateralMovementDetector,300.0,snmp_poll_18_hosts,exfiltration,0,15
LateralMovementDetector,300.0,fileserver_clients_30,exfiltration,0,
LateralMovementDetector,300.0,backdoor_port_4444,baseline,0,
LateralMovementDetector,300.0,irc_client_6667,baseline,0,
LateralMovementDetector,300.0,ordinary_traffic,baseline,0,
LateralMovementDetector,3600.0,scan_stealth_12ports,recon,0,
LateralMovementDetector,3600.0,scan_moderate_25ports,recon,0,
LateralMovementDetector,3600.0,scan_aggressive_60ports,recon,0,
LateralMovementDetector,3600.0,scan_ack_25ports,recon,0,
LateralMovementDetector,3600.0,lb_backend_probe_10ports,recon,0,
LateralMovementDetector,3600.0,service_inventory_14ports,recon,0,
LateralMovementDetector,3600.0,browser_session_4ports,recon,0,
LateralMovementDetector,3600.0,syn_flood_moderate,flood,0,
LateralMovementDetector,3600.0,syn_flood_heavy,flood,0,
LateralMovementDetector,3600.0,udp_flood_moderate,flood,0,
LateralMovementDetector,3600.0,udp_flood_heavy,flood,0,
LateralMovementDetector,3600.0,icmp_flood_moderate,flood,0,
LateralMovementDetector,3600.0,icmp_flood_heavy,flood,0,
LateralMovementDetector,3600.0,busy_web_server_300,flood,0,
LateralMovementDetector,3600.0,voip_stream_400,flood,0,
LateralMovementDetector,3600.0,availability_ping_90,flood,0,
LateralMovementDetector,3600.0,traceroute_burst_30,flood,0,
LateralMovementDetector,3600.0,ssh_brute_slow_8,credentials,0,
LateralMovementDetector,3600.0,ssh_brute_fast_40,credentials,0,
LateralMovementDetector,3600.0,http_brute_slow_12,credentials,0,
LateralMovementDetector,3600.0,http_brute_fast_60,credentials,0,
LateralMovementDetector,3600.0,config_mgmt_ssh_14,credentials,0,12
LateralMovementDetector,3600.0,ci_runner_ssh_6,credentials,0,
LateralMovementDetector,3600.0,sso_portal_18,credentials,0,
LateralMovementDetector,3600.0,arp_spoof_light_6,arp,0,
LateralMovementDetector,3600.0,arp_spoof_heavy_30,arp,0,
LateralMovementDetector,3600.0,arp_housekeeping_9,arp,0,
LateralMovementDetector,3600.0,beacon_5s_30,beaconing,0,
LateralMovementDetector,3600.0,beacon_30s_18_jittered,beaconing,0,
LateralMovementDetector,3600.0,beacon_60s_20,beaconing,0,
LateralMovementDetector,3600.0,telemetry_agent_60s_20,beaconing,0,
LateralMovementDetector,3600.0,healthcheck_poll_10s_40,beaconing,0,
LateralMovementDetector,3600.0,human_browsing_burst,beaconing,0,
LateralMovementDetector,3600.0,dns_tunnel_30q,dns,0,
LateralMovementDetector,3600.0,dns_tunnel_120q,dns,0,
LateralMovementDetector,3600.0,cdn_cache_keys_60q,dns,0,
LateralMovementDetector,3600.0,reputation_lookups_80q,dns,0,
LateralMovementDetector,3600.0,resolver_busy_300q,dns,0,
LateralMovementDetector,3600.0,exfil_30mb,exfiltration,0,
LateralMovementDetector,3600.0,exfil_120mb,exfiltration,0,
LateralMovementDetector,3600.0,lateral_smb_15,exfiltration,1,15
LateralMovementDetector,3600.0,lateral_smb_40,exfiltration,1,30
LateralMovementDetector,3600.0,backup_upload_60mb,exfiltration,0,
LateralMovementDetector,3600.0,video_call_25mb,exfiltration,0,
LateralMovementDetector,3600.0,snmp_poll_18_hosts,exfiltration,0,15
LateralMovementDetector,3600.0,fileserver_clients_30,exfiltration,0,
LateralMovementDetector,3600.0,backdoor_port_4444,baseline,0,
LateralMovementDetector,3600.0,irc_client_6667,baseline,0,
LateralMovementDetector,3600.0,ordinary_traffic,baseline,0,
SshBruteForceDetector,1.0,scan_stealth_12ports,recon,0,
SshBruteForceDetector,1.0,scan_moderate_25ports,recon,0,
SshBruteForceDetector,1.0,scan_aggressive_60ports,recon,0,
SshBruteForceDetector,1.0,scan_ack_25ports,recon,0,
SshBruteForceDetector,1.0,lb_backend_probe_10ports,recon,0,
SshBruteForceDetector,1.0,service_inventory_14ports,recon,0,
SshBruteForceDetector,1.0,browser_session_4ports,recon,0,
SshBruteForceDetector,1.0,syn_flood_moderate,flood,0,
SshBruteForceDetector,1.0,syn_flood_heavy,flood,0,
SshBruteForceDetector,1.0,udp_flood_moderate,flood,0,
SshBruteForceDetector,1.0,udp_flood_heavy,flood,0,
SshBruteForceDetector,1.0,icmp_flood_moderate,flood,0,
SshBruteForceDetector,1.0,icmp_flood_heavy,flood,0,
SshBruteForceDetector,1.0,busy_web_server_300,flood,0,
SshBruteForceDetector,1.0,voip_stream_400,flood,0,
SshBruteForceDetector,1.0,availability_ping_90,flood,0,
SshBruteForceDetector,1.0,traceroute_burst_30,flood,0,
SshBruteForceDetector,1.0,ssh_brute_slow_8,credentials,1,
SshBruteForceDetector,1.0,ssh_brute_fast_40,credentials,1,3
SshBruteForceDetector,1.0,http_brute_slow_12,credentials,0,
SshBruteForceDetector,1.0,http_brute_fast_60,credentials,0,
SshBruteForceDetector,1.0,config_mgmt_ssh_14,credentials,0,
SshBruteForceDetector,1.0,ci_runner_ssh_6,credentials,0,
SshBruteForceDetector,1.0,sso_portal_18,credentials,0,
SshBruteForceDetector,1.0,arp_spoof_light_6,arp,0,
SshBruteForceDetector,1.0,arp_spoof_heavy_30,arp,0,
SshBruteForceDetector,1.0,arp_housekeeping_9,arp,0,
SshBruteForceDetector,1.0,beacon_5s_30,beaconing,0,
SshBruteForceDetector,1.0,beacon_30s_18_jittered,beaconing,0,
SshBruteForceDetector,1.0,beacon_60s_20,beaconing,0,
SshBruteForceDetector,1.0,telemetry_agent_60s_20,beaconing,0,
SshBruteForceDetector,1.0,healthcheck_poll_10s_40,beaconing,0,
SshBruteForceDetector,1.0,human_browsing_burst,beaconing,0,
SshBruteForceDetector,1.0,dns_tunnel_30q,dns,0,
SshBruteForceDetector,1.0,dns_tunnel_120q,dns,0,
SshBruteForceDetector,1.0,cdn_cache_keys_60q,dns,0,
SshBruteForceDetector,1.0,reputation_lookups_80q,dns,0,
SshBruteForceDetector,1.0,resolver_busy_300q,dns,0,
SshBruteForceDetector,1.0,exfil_30mb,exfiltration,0,
SshBruteForceDetector,1.0,exfil_120mb,exfiltration,0,
SshBruteForceDetector,1.0,lateral_smb_15,exfiltration,0,
SshBruteForceDetector,1.0,lateral_smb_40,exfiltration,0,
SshBruteForceDetector,1.0,backup_upload_60mb,exfiltration,0,
SshBruteForceDetector,1.0,video_call_25mb,exfiltration,0,
SshBruteForceDetector,1.0,snmp_poll_18_hosts,exfiltration,0,
SshBruteForceDetector,1.0,fileserver_clients_30,exfiltration,0,
SshBruteForceDetector,1.0,backdoor_port_4444,baseline,0,
SshBruteForceDetector,1.0,irc_client_6667,baseline,0,
SshBruteForceDetector,1.0,ordinary_traffic,baseline,0,
SshBruteForceDetector,5.0,scan_stealth_12ports,recon,0,
SshBruteForceDetector,5.0,scan_moderate_25ports,recon,0,
SshBruteForceDetector,5.0,scan_aggressive_60ports,recon,0,
SshBruteForceDetector,5.0,scan_ack_25ports,recon,0,
SshBruteForceDetector,5.0,lb_backend_probe_10ports,recon,0,
SshBruteForceDetector,5.0,service_inventory_14ports,recon,0,
SshBruteForceDetector,5.0,browser_session_4ports,recon,0,
SshBruteForceDetector,5.0,syn_flood_moderate,flood,0,
SshBruteForceDetector,5.0,syn_flood_heavy,flood,0,
SshBruteForceDetector,5.0,udp_flood_moderate,flood,0,
SshBruteForceDetector,5.0,udp_flood_heavy,flood,0,
SshBruteForceDetector,5.0,icmp_flood_moderate,flood,0,
SshBruteForceDetector,5.0,icmp_flood_heavy,flood,0,
SshBruteForceDetector,5.0,busy_web_server_300,flood,0,
SshBruteForceDetector,5.0,voip_stream_400,flood,0,
SshBruteForceDetector,5.0,availability_ping_90,flood,0,
SshBruteForceDetector,5.0,traceroute_burst_30,flood,0,
SshBruteForceDetector,5.0,ssh_brute_slow_8,credentials,1,
SshBruteForceDetector,5.0,ssh_brute_fast_40,credentials,1,12
SshBruteForceDetector,5.0,http_brute_slow_12,credentials,0,
SshBruteForceDetector,5.0,http_brute_fast_60,credentials,0,
SshBruteForceDetector,5.0,config_mgmt_ssh_14,credentials,0,3
SshBruteForceDetector,5.0,ci_runner_ssh_6,credentials,0,
SshBruteForceDetector,5.0,sso_portal_18,credentials,0,
SshBruteForceDetector,5.0,arp_spoof_light_6,arp,0,
SshBruteForceDetector,5.0,arp_spoof_heavy_30,arp,0,
SshBruteForceDetector,5.0,arp_housekeeping_9,arp,0,
SshBruteForceDetector,5.0,beacon_5s_30,beaconing,0,
SshBruteForceDetector,5.0,beacon_30s_18_jittered,beaconing,0,
SshBruteForceDetector,5.0,beacon_60s_20,beaconing,0,
SshBruteForceDetector,5.0,telemetry_agent_60s_20,beaconing,0,
SshBruteForceDetector,5.0,healthcheck_poll_10s_40,beaconing,0,
SshBruteForceDetector,5.0,human_browsing_burst,beaconing,0,
SshBruteForceDetector,5.0,dns_tunnel_30q,dns,0,
SshBruteForceDetector,5.0,dns_tunnel_120q,dns,0,
SshBruteForceDetector,5.0,cdn_cache_keys_60q,dns,0,
SshBruteForceDetector,5.0,reputation_lookups_80q,dns,0,
SshBruteForceDetector,5.0,resolver_busy_300q,dns,0,
SshBruteForceDetector,5.0,exfil_30mb,exfiltration,0,
SshBruteForceDetector,5.0,exfil_120mb,exfiltration,0,
SshBruteForceDetector,5.0,lateral_smb_15,exfiltration,0,
SshBruteForceDetector,5.0,lateral_smb_40,exfiltration,0,
SshBruteForceDetector,5.0,backup_upload_60mb,exfiltration,0,
SshBruteForceDetector,5.0,video_call_25mb,exfiltration,0,
SshBruteForceDetector,5.0,snmp_poll_18_hosts,exfiltration,0,
SshBruteForceDetector,5.0,fileserver_clients_30,exfiltration,0,
SshBruteForceDetector,5.0,backdoor_port_4444,baseline,0,
SshBruteForceDetector,5.0,irc_client_6667,baseline,0,
SshBruteForceDetector,5.0,ordinary_traffic,baseline,0,
SshBruteForceDetector,10.0,scan_stealth_12ports,recon,0,
SshBruteForceDetector,10.0,scan_moderate_25ports,recon,0,
SshBruteForceDetector,10.0,scan_aggressive_60ports,recon,0,
SshBruteForceDetector,10.0,scan_ack_25ports,recon,0,
SshBruteForceDetector,10.0,lb_backend_probe_10ports,recon,0,
SshBruteForceDetector,10.0,service_inventory_14ports,recon,0,
SshBruteForceDetector,10.0,browser_session_4ports,recon,0,
SshBruteForceDetector,10.0,syn_flood_moderate,flood,0,
SshBruteForceDetector,10.0,syn_flood_heavy,flood,0,
SshBruteForceDetector,10.0,udp_flood_moderate,flood,0,
SshBruteForceDetector,10.0,udp_flood_heavy,flood,0,
SshBruteForceDetector,10.0,icmp_flood_moderate,flood,0,
SshBruteForceDetector,10.0,icmp_flood_heavy,flood,0,
SshBruteForceDetector,10.0,busy_web_server_300,flood,0,
SshBruteForceDetector,10.0,voip_stream_400,flood,0,
SshBruteForceDetector,10.0,availability_ping_90,flood,0,
SshBruteForceDetector,10.0,traceroute_burst_30,flood,0,
SshBruteForceDetector,10.0,ssh_brute_slow_8,credentials,1,3
SshBruteForceDetector,10.0,ssh_brute_fast_40,credentials,1,20
SshBruteForceDetector,10.0,http_brute_slow_12,credentials,0,
SshBruteForceDetector,10.0,http_brute_fast_60,credentials,0,
SshBruteForceDetector,10.0,config_mgmt_ssh_14,credentials,0,3
SshBruteForceDetector,10.0,ci_runner_ssh_6,credentials,0,
SshBruteForceDetector,10.0,sso_portal_18,credentials,0,
SshBruteForceDetector,10.0,arp_spoof_light_6,arp,0,
SshBruteForceDetector,10.0,arp_spoof_heavy_30,arp,0,
SshBruteForceDetector,10.0,arp_housekeeping_9,arp,0,
SshBruteForceDetector,10.0,beacon_5s_30,beaconing,0,
SshBruteForceDetector,10.0,beacon_30s_18_jittered,beaconing,0,
SshBruteForceDetector,10.0,beacon_60s_20,beaconing,0,
SshBruteForceDetector,10.0,telemetry_agent_60s_20,beaconing,0,
SshBruteForceDetector,10.0,healthcheck_poll_10s_40,beaconing,0,
SshBruteForceDetector,10.0,human_browsing_burst,beaconing,0,
SshBruteForceDetector,10.0,dns_tunnel_30q,dns,0,
SshBruteForceDetector,10.0,dns_tunnel_120q,dns,0,
SshBruteForceDetector,10.0,cdn_cache_keys_60q,dns,0,
SshBruteForceDetector,10.0,reputation_lookups_80q,dns,0,
SshBruteForceDetector,10.0,resolver_busy_300q,dns,0,
SshBruteForceDetector,10.0,exfil_30mb,exfiltration,0,
SshBruteForceDetector,10.0,exfil_120mb,exfiltration,0,
SshBruteForceDetector,10.0,lateral_smb_15,exfiltration,0,
SshBruteForceDetector,10.0,lateral_smb_40,exfiltration,0,
SshBruteForceDetector,10.0,backup_upload_60mb,exfiltration,0,
SshBruteForceDetector,10.0,video_call_25mb,exfiltration,0,
SshBruteForceDetector,10.0,snmp_poll_18_hosts,exfiltration,0,
SshBruteForceDetector,10.0,fileserver_clients_30,exfiltration,0,
SshBruteForceDetector,10.0,backdoor_port_4444,baseline,0,
SshBruteForceDetector,10.0,irc_client_6667,baseline,0,
SshBruteForceDetector,10.0,ordinary_traffic,baseline,0,
SshBruteForceDetector,30.0,scan_stealth_12ports,recon,0,
SshBruteForceDetector,30.0,scan_moderate_25ports,recon,0,
SshBruteForceDetector,30.0,scan_aggressive_60ports,recon,0,
SshBruteForceDetector,30.0,scan_ack_25ports,recon,0,
SshBruteForceDetector,30.0,lb_backend_probe_10ports,recon,0,
SshBruteForceDetector,30.0,service_inventory_14ports,recon,0,
SshBruteForceDetector,30.0,browser_session_4ports,recon,0,
SshBruteForceDetector,30.0,syn_flood_moderate,flood,0,
SshBruteForceDetector,30.0,syn_flood_heavy,flood,0,
SshBruteForceDetector,30.0,udp_flood_moderate,flood,0,
SshBruteForceDetector,30.0,udp_flood_heavy,flood,0,
SshBruteForceDetector,30.0,icmp_flood_moderate,flood,0,
SshBruteForceDetector,30.0,icmp_flood_heavy,flood,0,
SshBruteForceDetector,30.0,busy_web_server_300,flood,0,
SshBruteForceDetector,30.0,voip_stream_400,flood,0,
SshBruteForceDetector,30.0,availability_ping_90,flood,0,
SshBruteForceDetector,30.0,traceroute_burst_30,flood,0,
SshBruteForceDetector,30.0,ssh_brute_slow_8,credentials,1,3
SshBruteForceDetector,30.0,ssh_brute_fast_40,credentials,1,30
SshBruteForceDetector,30.0,http_brute_slow_12,credentials,0,
SshBruteForceDetector,30.0,http_brute_fast_60,credentials,0,
SshBruteForceDetector,30.0,config_mgmt_ssh_14,credentials,0,5
SshBruteForceDetector,30.0,ci_runner_ssh_6,credentials,0,3
SshBruteForceDetector,30.0,sso_portal_18,credentials,0,
SshBruteForceDetector,30.0,arp_spoof_light_6,arp,0,
SshBruteForceDetector,30.0,arp_spoof_heavy_30,arp,0,
SshBruteForceDetector,30.0,arp_housekeeping_9,arp,0,
SshBruteForceDetector,30.0,beacon_5s_30,beaconing,0,
SshBruteForceDetector,30.0,beacon_30s_18_jittered,beaconing,0,
SshBruteForceDetector,30.0,beacon_60s_20,beaconing,0,
SshBruteForceDetector,30.0,telemetry_agent_60s_20,beaconing,0,
SshBruteForceDetector,30.0,healthcheck_poll_10s_40,beaconing,0,
SshBruteForceDetector,30.0,human_browsing_burst,beaconing,0,
SshBruteForceDetector,30.0,dns_tunnel_30q,dns,0,
SshBruteForceDetector,30.0,dns_tunnel_120q,dns,0,
SshBruteForceDetector,30.0,cdn_cache_keys_60q,dns,0,
SshBruteForceDetector,30.0,reputation_lookups_80q,dns,0,
SshBruteForceDetector,30.0,resolver_busy_300q,dns,0,
SshBruteForceDetector,30.0,exfil_30mb,exfiltration,0,
SshBruteForceDetector,30.0,exfil_120mb,exfiltration,0,
SshBruteForceDetector,30.0,lateral_smb_15,exfiltration,0,
SshBruteForceDetector,30.0,lateral_smb_40,exfiltration,0,
SshBruteForceDetector,30.0,backup_upload_60mb,exfiltration,0,
SshBruteForceDetector,30.0,video_call_25mb,exfiltration,0,
SshBruteForceDetector,30.0,snmp_poll_18_hosts,exfiltration,0,
SshBruteForceDetector,30.0,fileserver_clients_30,exfiltration,0,
SshBruteForceDetector,30.0,backdoor_port_4444,baseline,0,
SshBruteForceDetector,30.0,irc_client_6667,baseline,0,
SshBruteForceDetector,30.0,ordinary_traffic,baseline,0,
SshBruteForceDetector,60.0,scan_stealth_12ports,recon,0,
SshBruteForceDetector,60.0,scan_moderate_25ports,recon,0,
SshBruteForceDetector,60.0,scan_aggressive_60ports,recon,0,
SshBruteForceDetector,60.0,scan_ack_25ports,recon,0,
SshBruteForceDetector,60.0,lb_backend_probe_10ports,recon,0,
SshBruteForceDetector,60.0,service_inventory_14ports,recon,0,
SshBruteForceDetector,60.0,browser_session_4ports,recon,0,
SshBruteForceDetector,60.0,syn_flood_moderate,flood,0,
SshBruteForceDetector,60.0,syn_flood_heavy,flood,0,
SshBruteForceDetector,60.0,udp_flood_moderate,flood,0,
SshBruteForceDetector,60.0,udp_flood_heavy,flood,0,
SshBruteForceDetector,60.0,icmp_flood_moderate,flood,0,
SshBruteForceDetector,60.0,icmp_flood_heavy,flood,0,
SshBruteForceDetector,60.0,busy_web_server_300,flood,0,
SshBruteForceDetector,60.0,voip_stream_400,flood,0,
SshBruteForceDetector,60.0,availability_ping_90,flood,0,
SshBruteForceDetector,60.0,traceroute_burst_30,flood,0,
SshBruteForceDetector,60.0,ssh_brute_slow_8,credentials,1,3
SshBruteForceDetector,60.0,ssh_brute_fast_40,credentials,1,30
SshBruteForceDetector,60.0,http_brute_slow_12,credentials,0,
SshBruteForceDetector,60.0,http_brute_fast_60,credentials,0,
SshBruteForceDetector,60.0,config_mgmt_ssh_14,credentials,0,10
SshBruteForceDetector,60.0,ci_runner_ssh_6,credentials,0,5
SshBruteForceDetector,60.0,sso_portal_18,credentials,0,
SshBruteForceDetector,60.0,arp_spoof_light_6,arp,0,
SshBruteForceDetector,60.0,arp_spoof_heavy_30,arp,0,
SshBruteForceDetector,60.0,arp_housekeeping_9,arp,0,
SshBruteForceDetector,60.0,beacon_5s_30,beaconing,0,
SshBruteForceDetector,60.0,beacon_30s_18_jittered,beaconing,0,
SshBruteForceDetector,60.0,beacon_60s_20,beaconing,0,
SshBruteForceDetector,60.0,telemetry_agent_60s_20,beaconing,0,
SshBruteForceDetector,60.0,healthcheck_poll_10s_40,beaconing,0,
SshBruteForceDetector,60.0,human_browsing_burst,beaconing,0,
SshBruteForceDetector,60.0,dns_tunnel_30q,dns,0,
SshBruteForceDetector,60.0,dns_tunnel_120q,dns,0,
SshBruteForceDetector,60.0,cdn_cache_keys_60q,dns,0,
SshBruteForceDetector,60.0,reputation_lookups_80q,dns,0,
SshBruteForceDetector,60.0,resolver_busy_300q,dns,0,
SshBruteForceDetector,60.0,exfil_30mb,exfiltration,0,
SshBruteForceDetector,60.0,exfil_120mb,exfiltration,0,
SshBruteForceDetector,60.0,lateral_smb_15,exfiltration,0,
SshBruteForceDetector,60.0,lateral_smb_40,exfiltration,0,
SshBruteForceDetector,60.0,backup_upload_60mb,exfiltration,0,
SshBruteForceDetector,60.0,video_call_25mb,exfiltration,0,
SshBruteForceDetector,60.0,snmp_poll_18_hosts,exfiltration,0,
SshBruteForceDetector,60.0,fileserver_clients_30,exfiltration,0,
SshBruteForceDetector,60.0,backdoor_port_4444,baseline,0,
SshBruteForceDetector,60.0,irc_client_6667,baseline,0,
SshBruteForceDetector,60.0,ordinary_traffic,baseline,0,
SshBruteForceDetector,300.0,scan_stealth_12ports,recon,0,
SshBruteForceDetector,300.0,scan_moderate_25ports,recon,0,
SshBruteForceDetector,300.0,scan_aggressive_60ports,recon,0,
SshBruteForceDetector,300.0,scan_ack_25ports,recon,0,
SshBruteForceDetector,300.0,lb_backend_probe_10ports,recon,0,
SshBruteForceDetector,300.0,service_inventory_14ports,recon,0,
SshBruteForceDetector,300.0,browser_session_4ports,recon,0,
SshBruteForceDetector,300.0,syn_flood_moderate,flood,0,
SshBruteForceDetector,300.0,syn_flood_heavy,flood,0,
SshBruteForceDetector,300.0,udp_flood_moderate,flood,0,
SshBruteForceDetector,300.0,udp_flood_heavy,flood,0,
SshBruteForceDetector,300.0,icmp_flood_moderate,flood,0,
SshBruteForceDetector,300.0,icmp_flood_heavy,flood,0,
SshBruteForceDetector,300.0,busy_web_server_300,flood,0,
SshBruteForceDetector,300.0,voip_stream_400,flood,0,
SshBruteForceDetector,300.0,availability_ping_90,flood,0,
SshBruteForceDetector,300.0,traceroute_burst_30,flood,0,
SshBruteForceDetector,300.0,ssh_brute_slow_8,credentials,1,8
SshBruteForceDetector,300.0,ssh_brute_fast_40,credentials,1,30
SshBruteForceDetector,300.0,http_brute_slow_12,credentials,0,
SshBruteForceDetector,300.0,http_brute_fast_60,credentials,0,
SshBruteForceDetector,300.0,config_mgmt_ssh_14,credentials,0,12
SshBruteForceDetector,300.0,ci_runner_ssh_6,credentials,0,5
SshBruteForceDetector,300.0,sso_portal_18,credentials,0,
SshBruteForceDetector,300.0,arp_spoof_light_6,arp,0,
SshBruteForceDetector,300.0,arp_spoof_heavy_30,arp,0,
SshBruteForceDetector,300.0,arp_housekeeping_9,arp,0,
SshBruteForceDetector,300.0,beacon_5s_30,beaconing,0,
SshBruteForceDetector,300.0,beacon_30s_18_jittered,beaconing,0,
SshBruteForceDetector,300.0,beacon_60s_20,beaconing,0,
SshBruteForceDetector,300.0,telemetry_agent_60s_20,beaconing,0,
SshBruteForceDetector,300.0,healthcheck_poll_10s_40,beaconing,0,
SshBruteForceDetector,300.0,human_browsing_burst,beaconing,0,
SshBruteForceDetector,300.0,dns_tunnel_30q,dns,0,
SshBruteForceDetector,300.0,dns_tunnel_120q,dns,0,
SshBruteForceDetector,300.0,cdn_cache_keys_60q,dns,0,
SshBruteForceDetector,300.0,reputation_lookups_80q,dns,0,
SshBruteForceDetector,300.0,resolver_busy_300q,dns,0,
SshBruteForceDetector,300.0,exfil_30mb,exfiltration,0,
SshBruteForceDetector,300.0,exfil_120mb,exfiltration,0,
SshBruteForceDetector,300.0,lateral_smb_15,exfiltration,0,
SshBruteForceDetector,300.0,lateral_smb_40,exfiltration,0,
SshBruteForceDetector,300.0,backup_upload_60mb,exfiltration,0,
SshBruteForceDetector,300.0,video_call_25mb,exfiltration,0,
SshBruteForceDetector,300.0,snmp_poll_18_hosts,exfiltration,0,
SshBruteForceDetector,300.0,fileserver_clients_30,exfiltration,0,
SshBruteForceDetector,300.0,backdoor_port_4444,baseline,0,
SshBruteForceDetector,300.0,irc_client_6667,baseline,0,
SshBruteForceDetector,300.0,ordinary_traffic,baseline,0,
SshBruteForceDetector,3600.0,scan_stealth_12ports,recon,0,
SshBruteForceDetector,3600.0,scan_moderate_25ports,recon,0,
SshBruteForceDetector,3600.0,scan_aggressive_60ports,recon,0,
SshBruteForceDetector,3600.0,scan_ack_25ports,recon,0,
SshBruteForceDetector,3600.0,lb_backend_probe_10ports,recon,0,
SshBruteForceDetector,3600.0,service_inventory_14ports,recon,0,
SshBruteForceDetector,3600.0,browser_session_4ports,recon,0,
SshBruteForceDetector,3600.0,syn_flood_moderate,flood,0,
SshBruteForceDetector,3600.0,syn_flood_heavy,flood,0,
SshBruteForceDetector,3600.0,udp_flood_moderate,flood,0,
SshBruteForceDetector,3600.0,udp_flood_heavy,flood,0,
SshBruteForceDetector,3600.0,icmp_flood_moderate,flood,0,
SshBruteForceDetector,3600.0,icmp_flood_heavy,flood,0,
SshBruteForceDetector,3600.0,busy_web_server_300,flood,0,
SshBruteForceDetector,3600.0,voip_stream_400,flood,0,
SshBruteForceDetector,3600.0,availability_ping_90,flood,0,
SshBruteForceDetector,3600.0,traceroute_burst_30,flood,0,
SshBruteForceDetector,3600.0,ssh_brute_slow_8,credentials,1,8
SshBruteForceDetector,3600.0,ssh_brute_fast_40,credentials,1,30
SshBruteForceDetector,3600.0,http_brute_slow_12,credentials,0,
SshBruteForceDetector,3600.0,http_brute_fast_60,credentials,0,
SshBruteForceDetector,3600.0,config_mgmt_ssh_14,credentials,0,12
SshBruteForceDetector,3600.0,ci_runner_ssh_6,credentials,0,5
SshBruteForceDetector,3600.0,sso_portal_18,credentials,0,
SshBruteForceDetector,3600.0,arp_spoof_light_6,arp,0,
SshBruteForceDetector,3600.0,arp_spoof_heavy_30,arp,0,
SshBruteForceDetector,3600.0,arp_housekeeping_9,arp,0,
SshBruteForceDetector,3600.0,beacon_5s_30,beaconing,0,
SshBruteForceDetector,3600.0,beacon_30s_18_jittered,beaconing,0,
SshBruteForceDetector,3600.0,beacon_60s_20,beaconing,0,
SshBruteForceDetector,3600.0,telemetry_agent_60s_20,beaconing,0,
SshBruteForceDetector,3600.0,healthcheck_poll_10s_40,beaconing,0,
SshBruteForceDetector,3600.0,human_browsing_burst,beaconing,0,
SshBruteForceDetector,3600.0,dns_tunnel_30q,dns,0,
SshBruteForceDetector,3600.0,dns_tunnel_120q,dns,0,
SshBruteForceDetector,3600.0,cdn_cache_keys_60q,dns,0,
SshBruteForceDetector,3600.0,reputation_lookups_80q,dns,0,
SshBruteForceDetector,3600.0,resolver_busy_300q,dns,0,
SshBruteForceDetector,3600.0,exfil_30mb,exfiltration,0,
SshBruteForceDetector,3600.0,exfil_120mb,exfiltration,0,
SshBruteForceDetector,3600.0,lateral_smb_15,exfiltration,0,
SshBruteForceDetector,3600.0,lateral_smb_40,exfiltration,0,
SshBruteForceDetector,3600.0,backup_upload_60mb,exfiltration,0,
SshBruteForceDetector,3600.0,video_call_25mb,exfiltration,0,
SshBruteForceDetector,3600.0,snmp_poll_18_hosts,exfiltration,0,
SshBruteForceDetector,3600.0,fileserver_clients_30,exfiltration,0,
SshBruteForceDetector,3600.0,backdoor_port_4444,baseline,0,
SshBruteForceDetector,3600.0,irc_client_6667,baseline,0,
SshBruteForceDetector,3600.0,ordinary_traffic,baseline,0,
SynFloodDetector,1.0,scan_stealth_12ports,recon,0,
SynFloodDetector,1.0,scan_moderate_25ports,recon,0,
SynFloodDetector,1.0,scan_aggressive_60ports,recon,0,20
SynFloodDetector,1.0,scan_ack_25ports,recon,0,
SynFloodDetector,1.0,lb_backend_probe_10ports,recon,0,
SynFloodDetector,1.0,service_inventory_14ports,recon,0,
SynFloodDetector,1.0,browser_session_4ports,recon,0,
SynFloodDetector,1.0,syn_flood_moderate,flood,1,40
SynFloodDetector,1.0,syn_flood_heavy,flood,1,300
SynFloodDetector,1.0,udp_flood_moderate,flood,0,
SynFloodDetector,1.0,udp_flood_heavy,flood,0,
SynFloodDetector,1.0,icmp_flood_moderate,flood,0,
SynFloodDetector,1.0,icmp_flood_heavy,flood,0,
SynFloodDetector,1.0,busy_web_server_300,flood,0,20
SynFloodDetector,1.0,voip_stream_400,flood,0,
SynFloodDetector,1.0,availability_ping_90,flood,0,
SynFloodDetector,1.0,traceroute_burst_30,flood,0,
SynFloodDetector,1.0,ssh_brute_slow_8,credentials,0,
SynFloodDetector,1.0,ssh_brute_fast_40,credentials,0,
SynFloodDetector,1.0,http_brute_slow_12,credentials,0,
SynFloodDetector,1.0,http_brute_fast_60,credentials,0,
SynFloodDetector,1.0,config_mgmt_ssh_14,credentials,0,
SynFloodDetector,1.0,ci_runner_ssh_6,credentials,0,
SynFloodDetector,1.0,sso_portal_18,credentials,0,
SynFloodDetector,1.0,arp_spoof_light_6,arp,0,
SynFloodDetector,1.0,arp_spoof_heavy_30,arp,0,
SynFloodDetector,1.0,arp_housekeeping_9,arp,0,
SynFloodDetector,1.0,beacon_5s_30,beaconing,0,
SynFloodDetector,1.0,beacon_30s_18_jittered,beaconing,0,
SynFloodDetector,1.0,beacon_60s_20,beaconing,0,
SynFloodDetector,1.0,telemetry_agent_60s_20,beaconing,0,
SynFloodDetector,1.0,healthcheck_poll_10s_40,beaconing,0,
SynFloodDetector,1.0,human_browsing_burst,beaconing,0,
SynFloodDetector,1.0,dns_tunnel_30q,dns,0,
SynFloodDetector,1.0,dns_tunnel_120q,dns,0,
SynFloodDetector,1.0,cdn_cache_keys_60q,dns,0,
SynFloodDetector,1.0,reputation_lookups_80q,dns,0,
SynFloodDetector,1.0,resolver_busy_300q,dns,0,
SynFloodDetector,1.0,exfil_30mb,exfiltration,0,
SynFloodDetector,1.0,exfil_120mb,exfiltration,0,
SynFloodDetector,1.0,lateral_smb_15,exfiltration,0,
SynFloodDetector,1.0,lateral_smb_40,exfiltration,0,
SynFloodDetector,1.0,backup_upload_60mb,exfiltration,0,
SynFloodDetector,1.0,video_call_25mb,exfiltration,0,
SynFloodDetector,1.0,snmp_poll_18_hosts,exfiltration,0,
SynFloodDetector,1.0,fileserver_clients_30,exfiltration,0,20
SynFloodDetector,1.0,backdoor_port_4444,baseline,0,
SynFloodDetector,1.0,irc_client_6667,baseline,0,
SynFloodDetector,1.0,ordinary_traffic,baseline,0,
SynFloodDetector,5.0,scan_stealth_12ports,recon,0,
SynFloodDetector,5.0,scan_moderate_25ports,recon,0,
SynFloodDetector,5.0,scan_aggressive_60ports,recon,0,60
SynFloodDetector,5.0,scan_ack_25ports,recon,0,
SynFloodDetector,5.0,lb_backend_probe_10ports,recon,0,
SynFloodDetector,5.0,service_inventory_14ports,recon,0,
SynFloodDetector,5.0,browser_session_4ports,recon,0,
SynFloodDetector,5.0,syn_flood_moderate,flood,1,150
SynFloodDetector,5.0,syn_flood_heavy,flood,1,500
SynFloodDetector,5.0,udp_flood_moderate,flood,0,
SynFloodDetector,5.0,udp_flood_heavy,flood,0,
SynFloodDetector,5.0,icmp_flood_moderate,flood,0,
SynFloodDetector,5.0,icmp_flood_heavy,flood,0,
SynFloodDetector,5.0,busy_web_server_300,flood,0,150
SynFloodDetector,5.0,voip_stream_400,flood,0,
SynFloodDetector,5.0,availability_ping_90,flood,0,
SynFloodDetector,5.0,traceroute_burst_30,flood,0,
SynFloodDetector,5.0,ssh_brute_slow_8,credentials,0,
SynFloodDetector,5.0,ssh_brute_fast_40,credentials,0,
SynFloodDetector,5.0,http_brute_slow_12,credentials,0,
SynFloodDetector,5.0,http_brute_fast_60,credentials,0,
SynFloodDetector,5.0,config_mgmt_ssh_14,credentials,0,
SynFloodDetector,5.0,ci_runner_ssh_6,credentials,0,
SynFloodDetector,5.0,sso_portal_18,credentials,0,
SynFloodDetector,5.0,arp_spoof_light_6,arp,0,
SynFloodDetector,5.0,arp_spoof_heavy_30,arp,0,
SynFloodDetector,5.0,arp_housekeeping_9,arp,0,
SynFloodDetector,5.0,beacon_5s_30,beaconing,0,
SynFloodDetector,5.0,beacon_30s_18_jittered,beaconing,0,
SynFloodDetector,5.0,beacon_60s_20,beaconing,0,
SynFloodDetector,5.0,telemetry_agent_60s_20,beaconing,0,
SynFloodDetector,5.0,healthcheck_poll_10s_40,beaconing,0,
SynFloodDetector,5.0,human_browsing_burst,beaconing,0,
SynFloodDetector,5.0,dns_tunnel_30q,dns,0,
SynFloodDetector,5.0,dns_tunnel_120q,dns,0,
SynFloodDetector,5.0,cdn_cache_keys_60q,dns,0,
SynFloodDetector,5.0,reputation_lookups_80q,dns,0,
SynFloodDetector,5.0,resolver_busy_300q,dns,0,
SynFloodDetector,5.0,exfil_30mb,exfiltration,0,
SynFloodDetector,5.0,exfil_120mb,exfiltration,0,
SynFloodDetector,5.0,lateral_smb_15,exfiltration,0,
SynFloodDetector,5.0,lateral_smb_40,exfiltration,0,
SynFloodDetector,5.0,backup_upload_60mb,exfiltration,0,
SynFloodDetector,5.0,video_call_25mb,exfiltration,0,
SynFloodDetector,5.0,snmp_poll_18_hosts,exfiltration,0,
SynFloodDetector,5.0,fileserver_clients_30,exfiltration,0,20
SynFloodDetector,5.0,backdoor_port_4444,baseline,0,
SynFloodDetector,5.0,irc_client_6667,baseline,0,
SynFloodDetector,5.0,ordinary_traffic,baseline,0,
SynFloodDetector,10.0,scan_stealth_12ports,recon,0,
SynFloodDetector,10.0,scan_moderate_25ports,recon,0,
SynFloodDetector,10.0,scan_aggressive_60ports,recon,0,60
SynFloodDetector,10.0,scan_ack_25ports,recon,0,
SynFloodDetector,10.0,lb_backend_probe_10ports,recon,0,
SynFloodDetector,10.0,service_inventory_14ports,recon,0,
SynFloodDetector,10.0,browser_session_4ports,recon,0,
SynFloodDetector,10.0,syn_flood_moderate,flood,1,150
SynFloodDetector,10.0,syn_flood_heavy,flood,1,500
SynFloodDetector,10.0,udp_flood_moderate,flood,0,
SynFloodDetector,10.0,udp_flood_heavy,flood,0,
SynFloodDetector,10.0,icmp_flood_moderate,flood,0,
SynFloodDetector,10.0,icmp_flood_heavy,flood,0,
SynFloodDetector,10.0,busy_web_server_300,flood,0,300
SynFloodDetector,10.0,voip_stream_400,flood,0,
SynFloodDetector,10.0,availability_ping_90,flood,0,
SynFloodDetector,10.0,traceroute_burst_30,flood,0,
SynFloodDetector,10.0,ssh_brute_slow_8,credentials,0,
SynFloodDetector,10.0,ssh_brute_fast_40,credentials,0,20
SynFloodDetector,10.0,http_brute_slow_12,credentials,0,
SynFloodDetector,10.0,http_brute_fast_60,credentials,0,
SynFloodDetector,10.0,config_mgmt_ssh_14,credentials,0,
SynFloodDetector,10.0,ci_runner_ssh_6,credentials,0,
SynFloodDetector,10.0,sso_portal_18,credentials,0,
SynFloodDetector,10.0,arp_spoof_light_6,arp,0,
SynFloodDetector,10.0,arp_spoof_heavy_30,arp,0,
SynFloodDetector,10.0,arp_housekeeping_9,arp,0,
SynFloodDetector,10.0,beacon_5s_30,beaconing,0,
SynFloodDetector,10.0,beacon_30s_18_jittered,beaconing,0,
SynFloodDetector,10.0,beacon_60s_20,beaconing,0,
SynFloodDetector,10.0,telemetry_agent_60s_20,beaconing,0,
SynFloodDetector,10.0,healthcheck_poll_10s_40,beaconing,0,
SynFloodDetector,10.0,human_browsing_burst,beaconing,0,
SynFloodDetector,10.0,dns_tunnel_30q,dns,0,
SynFloodDetector,10.0,dns_tunnel_120q,dns,0,
SynFloodDetector,10.0,cdn_cache_keys_60q,dns,0,
SynFloodDetector,10.0,reputation_lookups_80q,dns,0,
SynFloodDetector,10.0,resolver_busy_300q,dns,0,
SynFloodDetector,10.0,exfil_30mb,exfiltration,0,
SynFloodDetector,10.0,exfil_120mb,exfiltration,0,
SynFloodDetector,10.0,lateral_smb_15,exfiltration,0,
SynFloodDetector,10.0,lateral_smb_40,exfiltration,0,
SynFloodDetector,10.0,backup_upload_60mb,exfiltration,0,
SynFloodDetector,10.0,video_call_25mb,exfiltration,0,
SynFloodDetector,10.0,snmp_poll_18_hosts,exfiltration,0,
SynFloodDetector,10.0,fileserver_clients_30,exfiltration,0,20
SynFloodDetector,10.0,backdoor_port_4444,baseline,0,
SynFloodDetector,10.0,irc_client_6667,baseline,0,
SynFloodDetector,10.0,ordinary_traffic,baseline,0,
SynFloodDetector,30.0,scan_stealth_12ports,recon,0,
SynFloodDetector,30.0,scan_moderate_25ports,recon,0,20
SynFloodDetector,30.0,scan_aggressive_60ports,recon,0,60
SynFloodDetector,30.0,scan_ack_25ports,recon,0,
SynFloodDetector,30.0,lb_backend_probe_10ports,recon,0,
SynFloodDetector,30.0,service_inventory_14ports,recon,0,
SynFloodDetector,30.0,browser_session_4ports,recon,0,
SynFloodDetector,30.0,syn_flood_moderate,flood,1,150
SynFloodDetector,30.0,syn_flood_heavy,flood,1,500
SynFloodDetector,30.0,udp_flood_moderate,flood,0,
SynFloodDetector,30.0,udp_flood_heavy,flood,0,
SynFloodDetector,30.0,icmp_flood_moderate,flood,0,
SynFloodDetector,30.0,icmp_flood_heavy,flood,0,
SynFloodDetector,30.0,busy_web_server_300,flood,0,300
SynFloodDetector,30.0,voip_stream_400,flood,0,
SynFloodDetector,30.0,availability_ping_90,flood,0,
SynFloodDetector,30.0,traceroute_burst_30,flood,0,
SynFloodDetector,30.0,ssh_brute_slow_8,credentials,0,
SynFloodDetector,30.0,ssh_brute_fast_40,credentials,0,40
SynFloodDetector,30.0,http_brute_slow_12,credentials,0,
SynFloodDetector,30.0,http_brute_fast_60,credentials,0,
SynFloodDetector,30.0,config_mgmt_ssh_14,credentials,0,
SynFloodDetector,30.0,ci_runner_ssh_6,credentials,0,
SynFloodDetector,30.0,sso_portal_18,credentials,0,
SynFloodDetector,30.0,arp_spoof_light_6,arp,0,
SynFloodDetector,30.0,arp_spoof_heavy_30,arp,0,
SynFloodDetector,30.0,arp_housekeeping_9,arp,0,
SynFloodDetector,30.0,beacon_5s_30,beaconing,0,
SynFloodDetector,30.0,beacon_30s_18_jittered,beaconing,0,
SynFloodDetector,30.0,beacon_60s_20,beaconing,0,
SynFloodDetector,30.0,telemetry_agent_60s_20,beaconing,0,
SynFloodDetector,30.0,healthcheck_poll_10s_40,beaconing,0,
SynFloodDetector,30.0,human_browsing_burst,beaconing,0,
SynFloodDetector,30.0,dns_tunnel_30q,dns,0,
SynFloodDetector,30.0,dns_tunnel_120q,dns,0,
SynFloodDetector,30.0,cdn_cache_keys_60q,dns,0,
SynFloodDetector,30.0,reputation_lookups_80q,dns,0,
SynFloodDetector,30.0,resolver_busy_300q,dns,0,
SynFloodDetector,30.0,exfil_30mb,exfiltration,0,
SynFloodDetector,30.0,exfil_120mb,exfiltration,0,
SynFloodDetector,30.0,lateral_smb_15,exfiltration,0,
SynFloodDetector,30.0,lateral_smb_40,exfiltration,0,
SynFloodDetector,30.0,backup_upload_60mb,exfiltration,0,
SynFloodDetector,30.0,video_call_25mb,exfiltration,0,
SynFloodDetector,30.0,snmp_poll_18_hosts,exfiltration,0,
SynFloodDetector,30.0,fileserver_clients_30,exfiltration,0,20
SynFloodDetector,30.0,backdoor_port_4444,baseline,0,
SynFloodDetector,30.0,irc_client_6667,baseline,0,
SynFloodDetector,30.0,ordinary_traffic,baseline,0,
SynFloodDetector,60.0,scan_stealth_12ports,recon,0,
SynFloodDetector,60.0,scan_moderate_25ports,recon,0,20
SynFloodDetector,60.0,scan_aggressive_60ports,recon,0,60
SynFloodDetector,60.0,scan_ack_25ports,recon,0,
SynFloodDetector,60.0,lb_backend_probe_10ports,recon,0,
SynFloodDetector,60.0,service_inventory_14ports,recon,0,
SynFloodDetector,60.0,browser_session_4ports,recon,0,
SynFloodDetector,60.0,syn_flood_moderate,flood,1,150
SynFloodDetector,60.0,syn_flood_heavy,flood,1,500
SynFloodDetector,60.0,udp_flood_moderate,flood,0,
SynFloodDetector,60.0,udp_flood_heavy,flood,0,
SynFloodDetector,60.0,icmp_flood_moderate,flood,0,
SynFloodDetector,60.0,icmp_flood_heavy,flood,0,
SynFloodDetector,60.0,busy_web_server_300,flood,0,300
SynFloodDetector,60.0,voip_stream_400,flood,0,
SynFloodDetector,60.0,availability_ping_90,flood,0,
SynFloodDetector,60.0,traceroute_burst_30,flood,0,
SynFloodDetector,60.0,ssh_brute_slow_8,credentials,0,
SynFloodDetector,60.0,ssh_brute_fast_40,credentials,0,40
SynFloodDetector,60.0,http_brute_slow_12,credentials,0,
SynFloodDetector,60.0,http_brute_fast_60,credentials,0,
SynFloodDetector,60.0,config_mgmt_ssh_14,credentials,0,
SynFloodDetector,60.0,ci_runner_ssh_6,credentials,0,
SynFloodDetector,60.0,sso_portal_18,credentials,0,
SynFloodDetector,60.0,arp_spoof_light_6,arp,0,
SynFloodDetector,60.0,arp_spoof_heavy_30,arp,0,
SynFloodDetector,60.0,arp_housekeeping_9,arp,0,
SynFloodDetector,60.0,beacon_5s_30,beaconing,0,
SynFloodDetector,60.0,beacon_30s_18_jittered,beaconing,0,
SynFloodDetector,60.0,beacon_60s_20,beaconing,0,
SynFloodDetector,60.0,telemetry_agent_60s_20,beaconing,0,
SynFloodDetector,60.0,healthcheck_poll_10s_40,beaconing,0,
SynFloodDetector,60.0,human_browsing_burst,beaconing,0,
SynFloodDetector,60.0,dns_tunnel_30q,dns,0,
SynFloodDetector,60.0,dns_tunnel_120q,dns,0,
SynFloodDetector,60.0,cdn_cache_keys_60q,dns,0,
SynFloodDetector,60.0,reputation_lookups_80q,dns,0,
SynFloodDetector,60.0,resolver_busy_300q,dns,0,
SynFloodDetector,60.0,exfil_30mb,exfiltration,0,
SynFloodDetector,60.0,exfil_120mb,exfiltration,0,
SynFloodDetector,60.0,lateral_smb_15,exfiltration,0,
SynFloodDetector,60.0,lateral_smb_40,exfiltration,0,
SynFloodDetector,60.0,backup_upload_60mb,exfiltration,0,
SynFloodDetector,60.0,video_call_25mb,exfiltration,0,
SynFloodDetector,60.0,snmp_poll_18_hosts,exfiltration,0,
SynFloodDetector,60.0,fileserver_clients_30,exfiltration,0,20
SynFloodDetector,60.0,backdoor_port_4444,baseline,0,
SynFloodDetector,60.0,irc_client_6667,baseline,0,
SynFloodDetector,60.0,ordinary_traffic,baseline,0,
SynFloodDetector,300.0,scan_stealth_12ports,recon,0,
SynFloodDetector,300.0,scan_moderate_25ports,recon,0,20
SynFloodDetector,300.0,scan_aggressive_60ports,recon,0,60
SynFloodDetector,300.0,scan_ack_25ports,recon,0,
SynFloodDetector,300.0,lb_backend_probe_10ports,recon,0,
SynFloodDetector,300.0,service_inventory_14ports,recon,0,
SynFloodDetector,300.0,browser_session_4ports,recon,0,
SynFloodDetector,300.0,syn_flood_moderate,flood,1,150
SynFloodDetector,300.0,syn_flood_heavy,flood,1,500
SynFloodDetector,300.0,udp_flood_moderate,flood,0,
SynFloodDetector,300.0,udp_flood_heavy,flood,0,
SynFloodDetector,300.0,icmp_flood_moderate,flood,0,
SynFloodDetector,300.0,icmp_flood_heavy,flood,0,
SynFloodDetector,300.0,busy_web_server_300,flood,0,300
SynFloodDetector,300.0,voip_stream_400,flood,0,
SynFloodDetector,300.0,availability_ping_90,flood,0,
SynFloodDetector,300.0,traceroute_burst_30,flood,0,
SynFloodDetector,300.0,ssh_brute_slow_8,credentials,0,
SynFloodDetector,300.0,ssh_brute_fast_40,credentials,0,40
SynFloodDetector,300.0,http_brute_slow_12,credentials,0,
SynFloodDetector,300.0,http_brute_fast_60,credentials,0,
SynFloodDetector,300.0,config_mgmt_ssh_14,credentials,0,
SynFloodDetector,300.0,ci_runner_ssh_6,credentials,0,
SynFloodDetector,300.0,sso_portal_18,credentials,0,
SynFloodDetector,300.0,arp_spoof_light_6,arp,0,
SynFloodDetector,300.0,arp_spoof_heavy_30,arp,0,
SynFloodDetector,300.0,arp_housekeeping_9,arp,0,
SynFloodDetector,300.0,beacon_5s_30,beaconing,0,20
SynFloodDetector,300.0,beacon_30s_18_jittered,beaconing,0,
SynFloodDetector,300.0,beacon_60s_20,beaconing,0,
SynFloodDetector,300.0,telemetry_agent_60s_20,beaconing,0,
SynFloodDetector,300.0,healthcheck_poll_10s_40,beaconing,0,20
SynFloodDetector,300.0,human_browsing_burst,beaconing,0,20
SynFloodDetector,300.0,dns_tunnel_30q,dns,0,
SynFloodDetector,300.0,dns_tunnel_120q,dns,0,
SynFloodDetector,300.0,cdn_cache_keys_60q,dns,0,
SynFloodDetector,300.0,reputation_lookups_80q,dns,0,
SynFloodDetector,300.0,resolver_busy_300q,dns,0,
SynFloodDetector,300.0,exfil_30mb,exfiltration,0,
SynFloodDetector,300.0,exfil_120mb,exfiltration,0,
SynFloodDetector,300.0,lateral_smb_15,exfiltration,0,
SynFloodDetector,300.0,lateral_smb_40,exfiltration,0,
SynFloodDetector,300.0,backup_upload_60mb,exfiltration,0,
SynFloodDetector,300.0,video_call_25mb,exfiltration,0,
SynFloodDetector,300.0,snmp_poll_18_hosts,exfiltration,0,
SynFloodDetector,300.0,fileserver_clients_30,exfiltration,0,20
SynFloodDetector,300.0,backdoor_port_4444,baseline,0,
SynFloodDetector,300.0,irc_client_6667,baseline,0,
SynFloodDetector,300.0,ordinary_traffic,baseline,0,
SynFloodDetector,3600.0,scan_stealth_12ports,recon,0,
SynFloodDetector,3600.0,scan_moderate_25ports,recon,0,20
SynFloodDetector,3600.0,scan_aggressive_60ports,recon,0,60
SynFloodDetector,3600.0,scan_ack_25ports,recon,0,
SynFloodDetector,3600.0,lb_backend_probe_10ports,recon,0,
SynFloodDetector,3600.0,service_inventory_14ports,recon,0,
SynFloodDetector,3600.0,browser_session_4ports,recon,0,
SynFloodDetector,3600.0,syn_flood_moderate,flood,1,150
SynFloodDetector,3600.0,syn_flood_heavy,flood,1,500
SynFloodDetector,3600.0,udp_flood_moderate,flood,0,
SynFloodDetector,3600.0,udp_flood_heavy,flood,0,
SynFloodDetector,3600.0,icmp_flood_moderate,flood,0,
SynFloodDetector,3600.0,icmp_flood_heavy,flood,0,
SynFloodDetector,3600.0,busy_web_server_300,flood,0,300
SynFloodDetector,3600.0,voip_stream_400,flood,0,
SynFloodDetector,3600.0,availability_ping_90,flood,0,
SynFloodDetector,3600.0,traceroute_burst_30,flood,0,
SynFloodDetector,3600.0,ssh_brute_slow_8,credentials,0,
SynFloodDetector,3600.0,ssh_brute_fast_40,credentials,0,40
SynFloodDetector,3600.0,http_brute_slow_12,credentials,0,
SynFloodDetector,3600.0,http_brute_fast_60,credentials,0,
SynFloodDetector,3600.0,config_mgmt_ssh_14,credentials,0,
SynFloodDetector,3600.0,ci_runner_ssh_6,credentials,0,
SynFloodDetector,3600.0,sso_portal_18,credentials,0,
SynFloodDetector,3600.0,arp_spoof_light_6,arp,0,
SynFloodDetector,3600.0,arp_spoof_heavy_30,arp,0,
SynFloodDetector,3600.0,arp_housekeeping_9,arp,0,
SynFloodDetector,3600.0,beacon_5s_30,beaconing,0,20
SynFloodDetector,3600.0,beacon_30s_18_jittered,beaconing,0,
SynFloodDetector,3600.0,beacon_60s_20,beaconing,0,20
SynFloodDetector,3600.0,telemetry_agent_60s_20,beaconing,0,20
SynFloodDetector,3600.0,healthcheck_poll_10s_40,beaconing,0,40
SynFloodDetector,3600.0,human_browsing_burst,beaconing,0,20
SynFloodDetector,3600.0,dns_tunnel_30q,dns,0,
SynFloodDetector,3600.0,dns_tunnel_120q,dns,0,
SynFloodDetector,3600.0,cdn_cache_keys_60q,dns,0,
SynFloodDetector,3600.0,reputation_lookups_80q,dns,0,
SynFloodDetector,3600.0,resolver_busy_300q,dns,0,
SynFloodDetector,3600.0,exfil_30mb,exfiltration,0,
SynFloodDetector,3600.0,exfil_120mb,exfiltration,0,
SynFloodDetector,3600.0,lateral_smb_15,exfiltration,0,
SynFloodDetector,3600.0,lateral_smb_40,exfiltration,0,
SynFloodDetector,3600.0,backup_upload_60mb,exfiltration,0,
SynFloodDetector,3600.0,video_call_25mb,exfiltration,0,
SynFloodDetector,3600.0,snmp_poll_18_hosts,exfiltration,0,
SynFloodDetector,3600.0,fileserver_clients_30,exfiltration,0,20
SynFloodDetector,3600.0,backdoor_port_4444,baseline,0,
SynFloodDetector,3600.0,irc_client_6667,baseline,0,
SynFloodDetector,3600.0,ordinary_traffic,baseline,0,
SynScanDetector,1.0,scan_stealth_12ports,recon,1,
SynScanDetector,1.0,scan_moderate_25ports,recon,1,
SynScanDetector,1.0,scan_aggressive_60ports,recon,1,20
SynScanDetector,1.0,scan_ack_25ports,recon,0,
SynScanDetector,1.0,lb_backend_probe_10ports,recon,0,
SynScanDetector,1.0,service_inventory_14ports,recon,0,
SynScanDetector,1.0,browser_session_4ports,recon,0,
SynScanDetector,1.0,syn_flood_moderate,flood,0,
SynScanDetector,1.0,syn_flood_heavy,flood,0,
SynScanDetector,1.0,udp_flood_moderate,flood,0,
SynScanDetector,1.0,udp_flood_heavy,flood,0,
SynScanDetector,1.0,icmp_flood_moderate,flood,0,
SynScanDetector,1.0,icmp_flood_heavy,flood,0,
SynScanDetector,1.0,busy_web_server_300,flood,0,
SynScanDetector,1.0,voip_stream_400,flood,0,
SynScanDetector,1.0,availability_ping_90,flood,0,
SynScanDetector,1.0,traceroute_burst_30,flood,0,
SynScanDetector,1.0,ssh_brute_slow_8,credentials,0,
SynScanDetector,1.0,ssh_brute_fast_40,credentials,0,
SynScanDetector,1.0,http_brute_slow_12,credentials,0,
SynScanDetector,1.0,http_brute_fast_60,credentials,0,
SynScanDetector,1.0,config_mgmt_ssh_14,credentials,0,
SynScanDetector,1.0,ci_runner_ssh_6,credentials,0,
SynScanDetector,1.0,sso_portal_18,credentials,0,
SynScanDetector,1.0,arp_spoof_light_6,arp,0,
SynScanDetector,1.0,arp_spoof_heavy_30,arp,0,
SynScanDetector,1.0,arp_housekeeping_9,arp,0,
SynScanDetector,1.0,beacon_5s_30,beaconing,0,
SynScanDetector,1.0,beacon_30s_18_jittered,beaconing,0,
SynScanDetector,1.0,beacon_60s_20,beaconing,0,
SynScanDetector,1.0,telemetry_agent_60s_20,beaconing,0,
SynScanDetector,1.0,healthcheck_poll_10s_40,beaconing,0,
SynScanDetector,1.0,human_browsing_burst,beaconing,0,
SynScanDetector,1.0,dns_tunnel_30q,dns,0,
SynScanDetector,1.0,dns_tunnel_120q,dns,0,
SynScanDetector,1.0,cdn_cache_keys_60q,dns,0,
SynScanDetector,1.0,reputation_lookups_80q,dns,0,
SynScanDetector,1.0,resolver_busy_300q,dns,0,
SynScanDetector,1.0,exfil_30mb,exfiltration,0,
SynScanDetector,1.0,exfil_120mb,exfiltration,0,
SynScanDetector,1.0,lateral_smb_15,exfiltration,0,
SynScanDetector,1.0,lateral_smb_40,exfiltration,0,
SynScanDetector,1.0,backup_upload_60mb,exfiltration,0,
SynScanDetector,1.0,video_call_25mb,exfiltration,0,
SynScanDetector,1.0,snmp_poll_18_hosts,exfiltration,0,
SynScanDetector,1.0,fileserver_clients_30,exfiltration,0,
SynScanDetector,1.0,backdoor_port_4444,baseline,0,
SynScanDetector,1.0,irc_client_6667,baseline,0,
SynScanDetector,1.0,ordinary_traffic,baseline,0,
SynScanDetector,5.0,scan_stealth_12ports,recon,1,
SynScanDetector,5.0,scan_moderate_25ports,recon,1,10
SynScanDetector,5.0,scan_aggressive_60ports,recon,1,60
SynScanDetector,5.0,scan_ack_25ports,recon,0,
SynScanDetector,5.0,lb_backend_probe_10ports,recon,0,
SynScanDetector,5.0,service_inventory_14ports,recon,0,
SynScanDetector,5.0,browser_session_4ports,recon,0,
SynScanDetector,5.0,syn_flood_moderate,flood,0,
SynScanDetector,5.0,syn_flood_heavy,flood,0,
SynScanDetector,5.0,udp_flood_moderate,flood,0,
SynScanDetector,5.0,udp_flood_heavy,flood,0,
SynScanDetector,5.0,icmp_flood_moderate,flood,0,
SynScanDetector,5.0,icmp_flood_heavy,flood,0,
SynScanDetector,5.0,busy_web_server_300,flood,0,
SynScanDetector,5.0,voip_stream_400,flood,0,
SynScanDetector,5.0,availability_ping_90,flood,0,
SynScanDetector,5.0,traceroute_burst_30,flood,0,
SynScanDetector,5.0,ssh_brute_slow_8,credentials,0,
SynScanDetector,5.0,ssh_brute_fast_40,credentials,0,
SynScanDetector,5.0,http_brute_slow_12,credentials,0,
SynScanDetector,5.0,http_brute_fast_60,credentials,0,
SynScanDetector,5.0,config_mgmt_ssh_14,credentials,0,
SynScanDetector,5.0,ci_runner_ssh_6,credentials,0,
SynScanDetector,5.0,sso_portal_18,credentials,0,
SynScanDetector,5.0,arp_spoof_light_6,arp,0,
SynScanDetector,5.0,arp_spoof_heavy_30,arp,0,
SynScanDetector,5.0,arp_housekeeping_9,arp,0,
SynScanDetector,5.0,beacon_5s_30,beaconing,0,
SynScanDetector,5.0,beacon_30s_18_jittered,beaconing,0,
SynScanDetector,5.0,beacon_60s_20,beaconing,0,
SynScanDetector,5.0,telemetry_agent_60s_20,beaconing,0,
SynScanDetector,5.0,healthcheck_poll_10s_40,beaconing,0,
SynScanDetector,5.0,human_browsing_burst,beaconing,0,
SynScanDetector,5.0,dns_tunnel_30q,dns,0,
SynScanDetector,5.0,dns_tunnel_120q,dns,0,
SynScanDetector,5.0,cdn_cache_keys_60q,dns,0,
SynScanDetector,5.0,reputation_lookups_80q,dns,0,
SynScanDetector,5.0,resolver_busy_300q,dns,0,
SynScanDetector,5.0,exfil_30mb,exfiltration,0,
SynScanDetector,5.0,exfil_120mb,exfiltration,0,
SynScanDetector,5.0,lateral_smb_15,exfiltration,0,
SynScanDetector,5.0,lateral_smb_40,exfiltration,0,
SynScanDetector,5.0,backup_upload_60mb,exfiltration,0,
SynScanDetector,5.0,video_call_25mb,exfiltration,0,
SynScanDetector,5.0,snmp_poll_18_hosts,exfiltration,0,
SynScanDetector,5.0,fileserver_clients_30,exfiltration,0,
SynScanDetector,5.0,backdoor_port_4444,baseline,0,
SynScanDetector,5.0,irc_client_6667,baseline,0,
SynScanDetector,5.0,ordinary_traffic,baseline,0,
SynScanDetector,10.0,scan_stealth_12ports,recon,1,
SynScanDetector,10.0,scan_moderate_25ports,recon,1,12
SynScanDetector,10.0,scan_aggressive_60ports,recon,1,60
SynScanDetector,10.0,scan_ack_25ports,recon,0,
SynScanDetector,10.0,lb_backend_probe_10ports,recon,0,5
SynScanDetector,10.0,service_inventory_14ports,recon,0,
SynScanDetector,10.0,browser_session_4ports,recon,0,
SynScanDetector,10.0,syn_flood_moderate,flood,0,
SynScanDetector,10.0,syn_flood_heavy,flood,0,
SynScanDetector,10.0,udp_flood_moderate,flood,0,
SynScanDetector,10.0,udp_flood_heavy,flood,0,
SynScanDetector,10.0,icmp_flood_moderate,flood,0,
SynScanDetector,10.0,icmp_flood_heavy,flood,0,
SynScanDetector,10.0,busy_web_server_300,flood,0,
SynScanDetector,10.0,voip_stream_400,flood,0,
SynScanDetector,10.0,availability_ping_90,flood,0,
SynScanDetector,10.0,traceroute_burst_30,flood,0,
SynScanDetector,10.0,ssh_brute_slow_8,credentials,0,
SynScanDetector,10.0,ssh_brute_fast_40,credentials,0,
SynScanDetector,10.0,http_brute_slow_12,credentials,0,
SynScanDetector,10.0,http_brute_fast_60,credentials,0,
SynScanDetector,10.0,config_mgmt_ssh_14,credentials,0,
SynScanDetector,10.0,ci_runner_ssh_6,credentials,0,
SynScanDetector,10.0,sso_portal_18,credentials,0,
SynScanDetector,10.0,arp_spoof_light_6,arp,0,
SynScanDetector,10.0,arp_spoof_heavy_30,arp,0,
SynScanDetector,10.0,arp_housekeeping_9,arp,0,
SynScanDetector,10.0,beacon_5s_30,beaconing,0,
SynScanDetector,10.0,beacon_30s_18_jittered,beaconing,0,
SynScanDetector,10.0,beacon_60s_20,beaconing,0,
SynScanDetector,10.0,telemetry_agent_60s_20,beaconing,0,
SynScanDetector,10.0,healthcheck_poll_10s_40,beaconing,0,
SynScanDetector,10.0,human_browsing_burst,beaconing,0,
SynScanDetector,10.0,dns_tunnel_30q,dns,0,
SynScanDetector,10.0,dns_tunnel_120q,dns,0,
SynScanDetector,10.0,cdn_cache_keys_60q,dns,0,
SynScanDetector,10.0,reputation_lookups_80q,dns,0,
SynScanDetector,10.0,resolver_busy_300q,dns,0,
SynScanDetector,10.0,exfil_30mb,exfiltration,0,
SynScanDetector,10.0,exfil_120mb,exfiltration,0,
SynScanDetector,10.0,lateral_smb_15,exfiltration,0,
SynScanDetector,10.0,lateral_smb_40,exfiltration,0,
SynScanDetector,10.0,backup_upload_60mb,exfiltration,0,
SynScanDetector,10.0,video_call_25mb,exfiltration,0,
SynScanDetector,10.0,snmp_poll_18_hosts,exfiltration,0,
SynScanDetector,10.0,fileserver_clients_30,exfiltration,0,
SynScanDetector,10.0,backdoor_port_4444,baseline,0,
SynScanDetector,10.0,irc_client_6667,baseline,0,
SynScanDetector,10.0,ordinary_traffic,baseline,0,
SynScanDetector,30.0,scan_stealth_12ports,recon,1,5
SynScanDetector,30.0,scan_moderate_25ports,recon,1,25
SynScanDetector,30.0,scan_aggressive_60ports,recon,1,60
SynScanDetector,30.0,scan_ack_25ports,recon,0,
SynScanDetector,30.0,lb_backend_probe_10ports,recon,0,8
SynScanDetector,30.0,service_inventory_14ports,recon,0,5
SynScanDetector,30.0,browser_session_4ports,recon,0,
SynScanDetector,30.0,syn_flood_moderate,flood,0,
SynScanDetector,30.0,syn_flood_heavy,flood,0,
SynScanDetector,30.0,udp_flood_moderate,flood,0,
SynScanDetector,30.0,udp_flood_heavy,flood,0,
SynScanDetector,30.0,icmp_flood_moderate,flood,0,
SynScanDetector,30.0,icmp_flood_heavy,flood,0,
SynScanDetector,30.0,busy_web_server_300,flood,0,
SynScanDetector,30.0,voip_stream_400,flood,0,
SynScanDetector,30.0,availability_ping_90,flood,0,
SynScanDetector,30.0,traceroute_burst_30,flood,0,
SynScanDetector,30.0,ssh_brute_slow_8,credentials,0,
SynScanDetector,30.0,ssh_brute_fast_40,credentials,0,
SynScanDetector,30.0,http_brute_slow_12,credentials,0,
SynScanDetector,30.0,http_brute_fast_60,credentials,0,
SynScanDetector,30.0,config_mgmt_ssh_14,credentials,0,
SynScanDetector,30.0,ci_runner_ssh_6,credentials,0,
SynScanDetector,30.0,sso_portal_18,credentials,0,
SynScanDetector,30.0,arp_spoof_light_6,arp,0,
SynScanDetector,30.0,arp_spoof_heavy_30,arp,0,
SynScanDetector,30.0,arp_housekeeping_9,arp,0,
SynScanDetector,30.0,beacon_5s_30,beaconing,0,
SynScanDetector,30.0,beacon_30s_18_jittered,beaconing,0,
SynScanDetector,30.0,beacon_60s_20,beaconing,0,
SynScanDetector,30.0,telemetry_agent_60s_20,beaconing,0,
SynScanDetector,30.0,healthcheck_poll_10s_40,beaconing,0,
SynScanDetector,30.0,human_browsing_burst,beaconing,0,
SynScanDetector,30.0,dns_tunnel_30q,dns,0,
SynScanDetector,30.0,dns_tunnel_120q,dns,0,
SynScanDetector,30.0,cdn_cache_keys_60q,dns,0,
SynScanDetector,30.0,reputation_lookups_80q,dns,0,
SynScanDetector,30.0,resolver_busy_300q,dns,0,
SynScanDetector,30.0,exfil_30mb,exfiltration,0,
SynScanDetector,30.0,exfil_120mb,exfiltration,0,
SynScanDetector,30.0,lateral_smb_15,exfiltration,0,
SynScanDetector,30.0,lateral_smb_40,exfiltration,0,
SynScanDetector,30.0,backup_upload_60mb,exfiltration,0,
SynScanDetector,30.0,video_call_25mb,exfiltration,0,
SynScanDetector,30.0,snmp_poll_18_hosts,exfiltration,0,
SynScanDetector,30.0,fileserver_clients_30,exfiltration,0,
SynScanDetector,30.0,backdoor_port_4444,baseline,0,
SynScanDetector,30.0,irc_client_6667,baseline,0,
SynScanDetector,30.0,ordinary_traffic,baseline,0,
SynScanDetector,60.0,scan_stealth_12ports,recon,1,8
SynScanDetector,60.0,scan_moderate_25ports,recon,1,25
SynScanDetector,60.0,scan_aggressive_60ports,recon,1,60
SynScanDetector,60.0,scan_ack_25ports,recon,0,
SynScanDetector,60.0,lb_backend_probe_10ports,recon,0,10
SynScanDetector,60.0,service_inventory_14ports,recon,0,10
SynScanDetector,60.0,browser_session_4ports,recon,0,
SynScanDetector,60.0,syn_flood_moderate,flood,0,
SynScanDetector,60.0,syn_flood_heavy,flood,0,
SynScanDetector,60.0,udp_flood_moderate,flood,0,
SynScanDetector,60.0,udp_flood_heavy,flood,0,
SynScanDetector,60.0,icmp_flood_moderate,flood,0,
SynScanDetector,60.0,icmp_flood_heavy,flood,0,
SynScanDetector,60.0,busy_web_server_300,flood,0,
SynScanDetector,60.0,voip_stream_400,flood,0,
SynScanDetector,60.0,availability_ping_90,flood,0,
SynScanDetector,60.0,traceroute_burst_30,flood,0,
SynScanDetector,60.0,ssh_brute_slow_8,credentials,0,
SynScanDetector,60.0,ssh_brute_fast_40,credentials,0,
SynScanDetector,60.0,http_brute_slow_12,credentials,0,
SynScanDetector,60.0,http_brute_fast_60,credentials,0,
SynScanDetector,60.0,config_mgmt_ssh_14,credentials,0,
SynScanDetector,60.0,ci_runner_ssh_6,credentials,0,
SynScanDetector,60.0,sso_portal_18,credentials,0,
SynScanDetector,60.0,arp_spoof_light_6,arp,0,
SynScanDetector,60.0,arp_spoof_heavy_30,arp,0,
SynScanDetector,60.0,arp_housekeeping_9,arp,0,
SynScanDetector,60.0,beacon_5s_30,beaconing,0,
SynScanDetector,60.0,beacon_30s_18_jittered,beaconing,0,
SynScanDetector,60.0,beacon_60s_20,beaconing,0,
SynScanDetector,60.0,telemetry_agent_60s_20,beaconing,0,
SynScanDetector,60.0,healthcheck_poll_10s_40,beaconing,0,
SynScanDetector,60.0,human_browsing_burst,beaconing,0,
SynScanDetector,60.0,dns_tunnel_30q,dns,0,
SynScanDetector,60.0,dns_tunnel_120q,dns,0,
SynScanDetector,60.0,cdn_cache_keys_60q,dns,0,
SynScanDetector,60.0,reputation_lookups_80q,dns,0,
SynScanDetector,60.0,resolver_busy_300q,dns,0,
SynScanDetector,60.0,exfil_30mb,exfiltration,0,
SynScanDetector,60.0,exfil_120mb,exfiltration,0,
SynScanDetector,60.0,lateral_smb_15,exfiltration,0,
SynScanDetector,60.0,lateral_smb_40,exfiltration,0,
SynScanDetector,60.0,backup_upload_60mb,exfiltration,0,
SynScanDetector,60.0,video_call_25mb,exfiltration,0,
SynScanDetector,60.0,snmp_poll_18_hosts,exfiltration,0,
SynScanDetector,60.0,fileserver_clients_30,exfiltration,0,
SynScanDetector,60.0,backdoor_port_4444,baseline,0,
SynScanDetector,60.0,irc_client_6667,baseline,0,
SynScanDetector,60.0,ordinary_traffic,baseline,0,
SynScanDetector,300.0,scan_stealth_12ports,recon,1,12
SynScanDetector,300.0,scan_moderate_25ports,recon,1,25
SynScanDetector,300.0,scan_aggressive_60ports,recon,1,60
SynScanDetector,300.0,scan_ack_25ports,recon,0,
SynScanDetector,300.0,lb_backend_probe_10ports,recon,0,10
SynScanDetector,300.0,service_inventory_14ports,recon,0,12
SynScanDetector,300.0,browser_session_4ports,recon,0,
SynScanDetector,300.0,syn_flood_moderate,flood,0,
SynScanDetector,300.0,syn_flood_heavy,flood,0,
SynScanDetector,300.0,udp_flood_moderate,flood,0,
SynScanDetector,300.0,udp_flood_heavy,flood,0,
SynScanDetector,300.0,icmp_flood_moderate,flood,0,
SynScanDetector,300.0,icmp_flood_heavy,flood,0,
SynScanDetector,300.0,busy_web_server_300,flood,0,
SynScanDetector,300.0,voip_stream_400,flood,0,
SynScanDetector,300.0,availability_ping_90,flood,0,
SynScanDetector,300.0,traceroute_burst_30,flood,0,
SynScanDetector,300.0,ssh_brute_slow_8,credentials,0,
SynScanDetector,300.0,ssh_brute_fast_40,credentials,0,
SynScanDetector,300.0,http_brute_slow_12,credentials,0,
SynScanDetector,300.0,http_brute_fast_60,credentials,0,
SynScanDetector,300.0,config_mgmt_ssh_14,credentials,0,
SynScanDetector,300.0,ci_runner_ssh_6,credentials,0,
SynScanDetector,300.0,sso_portal_18,credentials,0,
SynScanDetector,300.0,arp_spoof_light_6,arp,0,
SynScanDetector,300.0,arp_spoof_heavy_30,arp,0,
SynScanDetector,300.0,arp_housekeeping_9,arp,0,
SynScanDetector,300.0,beacon_5s_30,beaconing,0,
SynScanDetector,300.0,beacon_30s_18_jittered,beaconing,0,
SynScanDetector,300.0,beacon_60s_20,beaconing,0,
SynScanDetector,300.0,telemetry_agent_60s_20,beaconing,0,
SynScanDetector,300.0,healthcheck_poll_10s_40,beaconing,0,
SynScanDetector,300.0,human_browsing_burst,beaconing,0,
SynScanDetector,300.0,dns_tunnel_30q,dns,0,
SynScanDetector,300.0,dns_tunnel_120q,dns,0,
SynScanDetector,300.0,cdn_cache_keys_60q,dns,0,
SynScanDetector,300.0,reputation_lookups_80q,dns,0,
SynScanDetector,300.0,resolver_busy_300q,dns,0,
SynScanDetector,300.0,exfil_30mb,exfiltration,0,
SynScanDetector,300.0,exfil_120mb,exfiltration,0,
SynScanDetector,300.0,lateral_smb_15,exfiltration,0,
SynScanDetector,300.0,lateral_smb_40,exfiltration,0,
SynScanDetector,300.0,backup_upload_60mb,exfiltration,0,
SynScanDetector,300.0,video_call_25mb,exfiltration,0,
SynScanDetector,300.0,snmp_poll_18_hosts,exfiltration,0,
SynScanDetector,300.0,fileserver_clients_30,exfiltration,0,
SynScanDetector,300.0,backdoor_port_4444,baseline,0,
SynScanDetector,300.0,irc_client_6667,baseline,0,
SynScanDetector,300.0,ordinary_traffic,baseline,0,
SynScanDetector,3600.0,scan_stealth_12ports,recon,1,12
SynScanDetector,3600.0,scan_moderate_25ports,recon,1,25
SynScanDetector,3600.0,scan_aggressive_60ports,recon,1,60
SynScanDetector,3600.0,scan_ack_25ports,recon,0,
SynScanDetector,3600.0,lb_backend_probe_10ports,recon,0,10
SynScanDetector,3600.0,service_inventory_14ports,recon,0,12
SynScanDetector,3600.0,browser_session_4ports,recon,0,
SynScanDetector,3600.0,syn_flood_moderate,flood,0,
SynScanDetector,3600.0,syn_flood_heavy,flood,0,
SynScanDetector,3600.0,udp_flood_moderate,flood,0,
SynScanDetector,3600.0,udp_flood_heavy,flood,0,
SynScanDetector,3600.0,icmp_flood_moderate,flood,0,
SynScanDetector,3600.0,icmp_flood_heavy,flood,0,
SynScanDetector,3600.0,busy_web_server_300,flood,0,
SynScanDetector,3600.0,voip_stream_400,flood,0,
SynScanDetector,3600.0,availability_ping_90,flood,0,
SynScanDetector,3600.0,traceroute_burst_30,flood,0,
SynScanDetector,3600.0,ssh_brute_slow_8,credentials,0,
SynScanDetector,3600.0,ssh_brute_fast_40,credentials,0,
SynScanDetector,3600.0,http_brute_slow_12,credentials,0,
SynScanDetector,3600.0,http_brute_fast_60,credentials,0,
SynScanDetector,3600.0,config_mgmt_ssh_14,credentials,0,
SynScanDetector,3600.0,ci_runner_ssh_6,credentials,0,
SynScanDetector,3600.0,sso_portal_18,credentials,0,
SynScanDetector,3600.0,arp_spoof_light_6,arp,0,
SynScanDetector,3600.0,arp_spoof_heavy_30,arp,0,
SynScanDetector,3600.0,arp_housekeeping_9,arp,0,
SynScanDetector,3600.0,beacon_5s_30,beaconing,0,
SynScanDetector,3600.0,beacon_30s_18_jittered,beaconing,0,
SynScanDetector,3600.0,beacon_60s_20,beaconing,0,
SynScanDetector,3600.0,telemetry_agent_60s_20,beaconing,0,
SynScanDetector,3600.0,healthcheck_poll_10s_40,beaconing,0,
SynScanDetector,3600.0,human_browsing_burst,beaconing,0,
SynScanDetector,3600.0,dns_tunnel_30q,dns,0,
SynScanDetector,3600.0,dns_tunnel_120q,dns,0,
SynScanDetector,3600.0,cdn_cache_keys_60q,dns,0,
SynScanDetector,3600.0,reputation_lookups_80q,dns,0,
SynScanDetector,3600.0,resolver_busy_300q,dns,0,
SynScanDetector,3600.0,exfil_30mb,exfiltration,0,
SynScanDetector,3600.0,exfil_120mb,exfiltration,0,
SynScanDetector,3600.0,lateral_smb_15,exfiltration,0,
SynScanDetector,3600.0,lateral_smb_40,exfiltration,0,
SynScanDetector,3600.0,backup_upload_60mb,exfiltration,0,
SynScanDetector,3600.0,video_call_25mb,exfiltration,0,
SynScanDetector,3600.0,snmp_poll_18_hosts,exfiltration,0,
SynScanDetector,3600.0,fileserver_clients_30,exfiltration,0,
SynScanDetector,3600.0,backdoor_port_4444,baseline,0,
SynScanDetector,3600.0,irc_client_6667,baseline,0,
SynScanDetector,3600.0,ordinary_traffic,baseline,0,
TcpPortScanDetector,1.0,scan_stealth_12ports,recon,1,
TcpPortScanDetector,1.0,scan_moderate_25ports,recon,1,
TcpPortScanDetector,1.0,scan_aggressive_60ports,recon,1,20
TcpPortScanDetector,1.0,scan_ack_25ports,recon,1,
TcpPortScanDetector,1.0,lb_backend_probe_10ports,recon,0,
TcpPortScanDetector,1.0,service_inventory_14ports,recon,0,
TcpPortScanDetector,1.0,browser_session_4ports,recon,0,
TcpPortScanDetector,1.0,syn_flood_moderate,flood,0,
TcpPortScanDetector,1.0,syn_flood_heavy,flood,0,
TcpPortScanDetector,1.0,udp_flood_moderate,flood,0,
TcpPortScanDetector,1.0,udp_flood_heavy,flood,0,
TcpPortScanDetector,1.0,icmp_flood_moderate,flood,0,
TcpPortScanDetector,1.0,icmp_flood_heavy,flood,0,
TcpPortScanDetector,1.0,busy_web_server_300,flood,0,
TcpPortScanDetector,1.0,voip_stream_400,flood,0,
TcpPortScanDetector,1.0,availability_ping_90,flood,0,
TcpPortScanDetector,1.0,traceroute_burst_30,flood,0,
TcpPortScanDetector,1.0,ssh_brute_slow_8,credentials,0,
TcpPortScanDetector,1.0,ssh_brute_fast_40,credentials,0,
TcpPortScanDetector,1.0,http_brute_slow_12,credentials,0,
TcpPortScanDetector,1.0,http_brute_fast_60,credentials,0,
TcpPortScanDetector,1.0,config_mgmt_ssh_14,credentials,0,
TcpPortScanDetector,1.0,ci_runner_ssh_6,credentials,0,
TcpPortScanDetector,1.0,sso_portal_18,credentials,0,
TcpPortScanDetector,1.0,arp_spoof_light_6,arp,0,
TcpPortScanDetector,1.0,arp_spoof_heavy_30,arp,0,
TcpPortScanDetector,1.0,arp_housekeeping_9,arp,0,
TcpPortScanDetector,1.0,beacon_5s_30,beaconing,0,
TcpPortScanDetector,1.0,beacon_30s_18_jittered,beaconing,0,
TcpPortScanDetector,1.0,beacon_60s_20,beaconing,0,
TcpPortScanDetector,1.0,telemetry_agent_60s_20,beaconing,0,
TcpPortScanDetector,1.0,healthcheck_poll_10s_40,beaconing,0,
TcpPortScanDetector,1.0,human_browsing_burst,beaconing,0,
TcpPortScanDetector,1.0,dns_tunnel_30q,dns,0,
TcpPortScanDetector,1.0,dns_tunnel_120q,dns,0,
TcpPortScanDetector,1.0,cdn_cache_keys_60q,dns,0,
TcpPortScanDetector,1.0,reputation_lookups_80q,dns,0,
TcpPortScanDetector,1.0,resolver_busy_300q,dns,0,
TcpPortScanDetector,1.0,exfil_30mb,exfiltration,0,
TcpPortScanDetector,1.0,exfil_120mb,exfiltration,0,
TcpPortScanDetector,1.0,lateral_smb_15,exfiltration,0,
TcpPortScanDetector,1.0,lateral_smb_40,exfiltration,0,
TcpPortScanDetector,1.0,backup_upload_60mb,exfiltration,0,
TcpPortScanDetector,1.0,video_call_25mb,exfiltration,0,
TcpPortScanDetector,1.0,snmp_poll_18_hosts,exfiltration,0,
TcpPortScanDetector,1.0,fileserver_clients_30,exfiltration,0,
TcpPortScanDetector,1.0,backdoor_port_4444,baseline,0,
TcpPortScanDetector,1.0,irc_client_6667,baseline,0,
TcpPortScanDetector,1.0,ordinary_traffic,baseline,0,
TcpPortScanDetector,5.0,scan_stealth_12ports,recon,1,
TcpPortScanDetector,5.0,scan_moderate_25ports,recon,1,10
TcpPortScanDetector,5.0,scan_aggressive_60ports,recon,1,60
TcpPortScanDetector,5.0,scan_ack_25ports,recon,1,12
TcpPortScanDetector,5.0,lb_backend_probe_10ports,recon,0,
TcpPortScanDetector,5.0,service_inventory_14ports,recon,0,
TcpPortScanDetector,5.0,browser_session_4ports,recon,0,
TcpPortScanDetector,5.0,syn_flood_moderate,flood,0,
TcpPortScanDetector,5.0,syn_flood_heavy,flood,0,
TcpPortScanDetector,5.0,udp_flood_moderate,flood,0,
TcpPortScanDetector,5.0,udp_flood_heavy,flood,0,
TcpPortScanDetector,5.0,icmp_flood_moderate,flood,0,
TcpPortScanDetector,5.0,icmp_flood_heavy,flood,0,
TcpPortScanDetector,5.0,busy_web_server_300,flood,0,
TcpPortScanDetector,5.0,voip_stream_400,flood,0,
TcpPortScanDetector,5.0,availability_ping_90,flood,0,
TcpPortScanDetector,5.0,traceroute_burst_30,flood,0,
TcpPortScanDetector,5.0,ssh_brute_slow_8,credentials,0,
TcpPortScanDetector,5.0,ssh_brute_fast_40,credentials,0,
TcpPortScanDetector,5.0,http_brute_slow_12,credentials,0,
TcpPortScanDetector,5.0,http_brute_fast_60,credentials,0,
TcpPortScanDetector,5.0,config_mgmt_ssh_14,credentials,0,
TcpPortScanDetector,5.0,ci_runner_ssh_6,credentials,0,
TcpPortScanDetector,5.0,sso_portal_18,credentials,0,
TcpPortScanDetector,5.0,arp_spoof_light_6,arp,0,
TcpPortScanDetector,5.0,arp_spoof_heavy_30,arp,0,
TcpPortScanDetector,5.0,arp_housekeeping_9,arp,0,
TcpPortScanDetector,5.0,beacon_5s_30,beaconing,0,
TcpPortScanDetector,5.0,beacon_30s_18_jittered,beaconing,0,
TcpPortScanDetector,5.0,beacon_60s_20,beaconing,0,
TcpPortScanDetector,5.0,telemetry_agent_60s_20,beaconing,0,
TcpPortScanDetector,5.0,healthcheck_poll_10s_40,beaconing,0,
TcpPortScanDetector,5.0,human_browsing_burst,beaconing,0,
TcpPortScanDetector,5.0,dns_tunnel_30q,dns,0,
TcpPortScanDetector,5.0,dns_tunnel_120q,dns,0,
TcpPortScanDetector,5.0,cdn_cache_keys_60q,dns,0,
TcpPortScanDetector,5.0,reputation_lookups_80q,dns,0,
TcpPortScanDetector,5.0,resolver_busy_300q,dns,0,
TcpPortScanDetector,5.0,exfil_30mb,exfiltration,0,
TcpPortScanDetector,5.0,exfil_120mb,exfiltration,0,
TcpPortScanDetector,5.0,lateral_smb_15,exfiltration,0,
TcpPortScanDetector,5.0,lateral_smb_40,exfiltration,0,
TcpPortScanDetector,5.0,backup_upload_60mb,exfiltration,0,
TcpPortScanDetector,5.0,video_call_25mb,exfiltration,0,
TcpPortScanDetector,5.0,snmp_poll_18_hosts,exfiltration,0,
TcpPortScanDetector,5.0,fileserver_clients_30,exfiltration,0,
TcpPortScanDetector,5.0,backdoor_port_4444,baseline,0,
TcpPortScanDetector,5.0,irc_client_6667,baseline,0,
TcpPortScanDetector,5.0,ordinary_traffic,baseline,0,
TcpPortScanDetector,10.0,scan_stealth_12ports,recon,1,
TcpPortScanDetector,10.0,scan_moderate_25ports,recon,1,12
TcpPortScanDetector,10.0,scan_aggressive_60ports,recon,1,60
TcpPortScanDetector,10.0,scan_ack_25ports,recon,1,12
TcpPortScanDetector,10.0,lb_backend_probe_10ports,recon,0,5
TcpPortScanDetector,10.0,service_inventory_14ports,recon,0,
TcpPortScanDetector,10.0,browser_session_4ports,recon,0,
TcpPortScanDetector,10.0,syn_flood_moderate,flood,0,
TcpPortScanDetector,10.0,syn_flood_heavy,flood,0,
TcpPortScanDetector,10.0,udp_flood_moderate,flood,0,
TcpPortScanDetector,10.0,udp_flood_heavy,flood,0,
TcpPortScanDetector,10.0,icmp_flood_moderate,flood,0,
TcpPortScanDetector,10.0,icmp_flood_heavy,flood,0,
TcpPortScanDetector,10.0,busy_web_server_300,flood,0,
TcpPortScanDetector,10.0,voip_stream_400,flood,0,
TcpPortScanDetector,10.0,availability_ping_90,flood,0,
TcpPortScanDetector,10.0,traceroute_burst_30,flood,0,
TcpPortScanDetector,10.0,ssh_brute_slow_8,credentials,0,
TcpPortScanDetector,10.0,ssh_brute_fast_40,credentials,0,
TcpPortScanDetector,10.0,http_brute_slow_12,credentials,0,
TcpPortScanDetector,10.0,http_brute_fast_60,credentials,0,
TcpPortScanDetector,10.0,config_mgmt_ssh_14,credentials,0,
TcpPortScanDetector,10.0,ci_runner_ssh_6,credentials,0,
TcpPortScanDetector,10.0,sso_portal_18,credentials,0,
TcpPortScanDetector,10.0,arp_spoof_light_6,arp,0,
TcpPortScanDetector,10.0,arp_spoof_heavy_30,arp,0,
TcpPortScanDetector,10.0,arp_housekeeping_9,arp,0,
TcpPortScanDetector,10.0,beacon_5s_30,beaconing,0,
TcpPortScanDetector,10.0,beacon_30s_18_jittered,beaconing,0,
TcpPortScanDetector,10.0,beacon_60s_20,beaconing,0,
TcpPortScanDetector,10.0,telemetry_agent_60s_20,beaconing,0,
TcpPortScanDetector,10.0,healthcheck_poll_10s_40,beaconing,0,
TcpPortScanDetector,10.0,human_browsing_burst,beaconing,0,
TcpPortScanDetector,10.0,dns_tunnel_30q,dns,0,
TcpPortScanDetector,10.0,dns_tunnel_120q,dns,0,
TcpPortScanDetector,10.0,cdn_cache_keys_60q,dns,0,
TcpPortScanDetector,10.0,reputation_lookups_80q,dns,0,
TcpPortScanDetector,10.0,resolver_busy_300q,dns,0,
TcpPortScanDetector,10.0,exfil_30mb,exfiltration,0,
TcpPortScanDetector,10.0,exfil_120mb,exfiltration,0,
TcpPortScanDetector,10.0,lateral_smb_15,exfiltration,0,
TcpPortScanDetector,10.0,lateral_smb_40,exfiltration,0,
TcpPortScanDetector,10.0,backup_upload_60mb,exfiltration,0,
TcpPortScanDetector,10.0,video_call_25mb,exfiltration,0,
TcpPortScanDetector,10.0,snmp_poll_18_hosts,exfiltration,0,
TcpPortScanDetector,10.0,fileserver_clients_30,exfiltration,0,
TcpPortScanDetector,10.0,backdoor_port_4444,baseline,0,
TcpPortScanDetector,10.0,irc_client_6667,baseline,0,
TcpPortScanDetector,10.0,ordinary_traffic,baseline,0,
TcpPortScanDetector,30.0,scan_stealth_12ports,recon,1,5
TcpPortScanDetector,30.0,scan_moderate_25ports,recon,1,25
TcpPortScanDetector,30.0,scan_aggressive_60ports,recon,1,60
TcpPortScanDetector,30.0,scan_ack_25ports,recon,1,25
TcpPortScanDetector,30.0,lb_backend_probe_10ports,recon,0,8
TcpPortScanDetector,30.0,service_inventory_14ports,recon,0,5
TcpPortScanDetector,30.0,browser_session_4ports,recon,0,
TcpPortScanDetector,30.0,syn_flood_moderate,flood,0,
TcpPortScanDetector,30.0,syn_flood_heavy,flood,0,
TcpPortScanDetector,30.0,udp_flood_moderate,flood,0,
TcpPortScanDetector,30.0,udp_flood_heavy,flood,0,
TcpPortScanDetector,30.0,icmp_flood_moderate,flood,0,
TcpPortScanDetector,30.0,icmp_flood_heavy,flood,0,
TcpPortScanDetector,30.0,busy_web_server_300,flood,0,
TcpPortScanDetector,30.0,voip_stream_400,flood,0,
TcpPortScanDetector,30.0,availability_ping_90,flood,0,
TcpPortScanDetector,30.0,traceroute_burst_30,flood,0,
TcpPortScanDetector,30.0,ssh_brute_slow_8,credentials,0,
TcpPortScanDetector,30.0,ssh_brute_fast_40,credentials,0,
TcpPortScanDetector,30.0,http_brute_slow_12,credentials,0,
TcpPortScanDetector,30.0,http_brute_fast_60,credentials,0,
TcpPortScanDetector,30.0,config_mgmt_ssh_14,credentials,0,
TcpPortScanDetector,30.0,ci_runner_ssh_6,credentials,0,
TcpPortScanDetector,30.0,sso_portal_18,credentials,0,
TcpPortScanDetector,30.0,arp_spoof_light_6,arp,0,
TcpPortScanDetector,30.0,arp_spoof_heavy_30,arp,0,
TcpPortScanDetector,30.0,arp_housekeeping_9,arp,0,
TcpPortScanDetector,30.0,beacon_5s_30,beaconing,0,
TcpPortScanDetector,30.0,beacon_30s_18_jittered,beaconing,0,
TcpPortScanDetector,30.0,beacon_60s_20,beaconing,0,
TcpPortScanDetector,30.0,telemetry_agent_60s_20,beaconing,0,
TcpPortScanDetector,30.0,healthcheck_poll_10s_40,beaconing,0,
TcpPortScanDetector,30.0,human_browsing_burst,beaconing,0,
TcpPortScanDetector,30.0,dns_tunnel_30q,dns,0,
TcpPortScanDetector,30.0,dns_tunnel_120q,dns,0,
TcpPortScanDetector,30.0,cdn_cache_keys_60q,dns,0,
TcpPortScanDetector,30.0,reputation_lookups_80q,dns,0,
TcpPortScanDetector,30.0,resolver_busy_300q,dns,0,
TcpPortScanDetector,30.0,exfil_30mb,exfiltration,0,
TcpPortScanDetector,30.0,exfil_120mb,exfiltration,0,
TcpPortScanDetector,30.0,lateral_smb_15,exfiltration,0,
TcpPortScanDetector,30.0,lateral_smb_40,exfiltration,0,
TcpPortScanDetector,30.0,backup_upload_60mb,exfiltration,0,
TcpPortScanDetector,30.0,video_call_25mb,exfiltration,0,
TcpPortScanDetector,30.0,snmp_poll_18_hosts,exfiltration,0,
TcpPortScanDetector,30.0,fileserver_clients_30,exfiltration,0,
TcpPortScanDetector,30.0,backdoor_port_4444,baseline,0,
TcpPortScanDetector,30.0,irc_client_6667,baseline,0,
TcpPortScanDetector,30.0,ordinary_traffic,baseline,0,
TcpPortScanDetector,60.0,scan_stealth_12ports,recon,1,8
TcpPortScanDetector,60.0,scan_moderate_25ports,recon,1,25
TcpPortScanDetector,60.0,scan_aggressive_60ports,recon,1,60
TcpPortScanDetector,60.0,scan_ack_25ports,recon,1,25
TcpPortScanDetector,60.0,lb_backend_probe_10ports,recon,0,10
TcpPortScanDetector,60.0,service_inventory_14ports,recon,0,10
TcpPortScanDetector,60.0,browser_session_4ports,recon,0,
TcpPortScanDetector,60.0,syn_flood_moderate,flood,0,
TcpPortScanDetector,60.0,syn_flood_heavy,flood,0,
TcpPortScanDetector,60.0,udp_flood_moderate,flood,0,
TcpPortScanDetector,60.0,udp_flood_heavy,flood,0,
TcpPortScanDetector,60.0,icmp_flood_moderate,flood,0,
TcpPortScanDetector,60.0,icmp_flood_heavy,flood,0,
TcpPortScanDetector,60.0,busy_web_server_300,flood,0,
TcpPortScanDetector,60.0,voip_stream_400,flood,0,
TcpPortScanDetector,60.0,availability_ping_90,flood,0,
TcpPortScanDetector,60.0,traceroute_burst_30,flood,0,
TcpPortScanDetector,60.0,ssh_brute_slow_8,credentials,0,
TcpPortScanDetector,60.0,ssh_brute_fast_40,credentials,0,
TcpPortScanDetector,60.0,http_brute_slow_12,credentials,0,
TcpPortScanDetector,60.0,http_brute_fast_60,credentials,0,
TcpPortScanDetector,60.0,config_mgmt_ssh_14,credentials,0,
TcpPortScanDetector,60.0,ci_runner_ssh_6,credentials,0,
TcpPortScanDetector,60.0,sso_portal_18,credentials,0,
TcpPortScanDetector,60.0,arp_spoof_light_6,arp,0,
TcpPortScanDetector,60.0,arp_spoof_heavy_30,arp,0,
TcpPortScanDetector,60.0,arp_housekeeping_9,arp,0,
TcpPortScanDetector,60.0,beacon_5s_30,beaconing,0,
TcpPortScanDetector,60.0,beacon_30s_18_jittered,beaconing,0,
TcpPortScanDetector,60.0,beacon_60s_20,beaconing,0,
TcpPortScanDetector,60.0,telemetry_agent_60s_20,beaconing,0,
TcpPortScanDetector,60.0,healthcheck_poll_10s_40,beaconing,0,
TcpPortScanDetector,60.0,human_browsing_burst,beaconing,0,
TcpPortScanDetector,60.0,dns_tunnel_30q,dns,0,
TcpPortScanDetector,60.0,dns_tunnel_120q,dns,0,
TcpPortScanDetector,60.0,cdn_cache_keys_60q,dns,0,
TcpPortScanDetector,60.0,reputation_lookups_80q,dns,0,
TcpPortScanDetector,60.0,resolver_busy_300q,dns,0,
TcpPortScanDetector,60.0,exfil_30mb,exfiltration,0,
TcpPortScanDetector,60.0,exfil_120mb,exfiltration,0,
TcpPortScanDetector,60.0,lateral_smb_15,exfiltration,0,
TcpPortScanDetector,60.0,lateral_smb_40,exfiltration,0,
TcpPortScanDetector,60.0,backup_upload_60mb,exfiltration,0,
TcpPortScanDetector,60.0,video_call_25mb,exfiltration,0,
TcpPortScanDetector,60.0,snmp_poll_18_hosts,exfiltration,0,
TcpPortScanDetector,60.0,fileserver_clients_30,exfiltration,0,
TcpPortScanDetector,60.0,backdoor_port_4444,baseline,0,
TcpPortScanDetector,60.0,irc_client_6667,baseline,0,
TcpPortScanDetector,60.0,ordinary_traffic,baseline,0,
TcpPortScanDetector,300.0,scan_stealth_12ports,recon,1,12
TcpPortScanDetector,300.0,scan_moderate_25ports,recon,1,25
TcpPortScanDetector,300.0,scan_aggressive_60ports,recon,1,60
TcpPortScanDetector,300.0,scan_ack_25ports,recon,1,25
TcpPortScanDetector,300.0,lb_backend_probe_10ports,recon,0,10
TcpPortScanDetector,300.0,service_inventory_14ports,recon,0,12
TcpPortScanDetector,300.0,browser_session_4ports,recon,0,
TcpPortScanDetector,300.0,syn_flood_moderate,flood,0,
TcpPortScanDetector,300.0,syn_flood_heavy,flood,0,
TcpPortScanDetector,300.0,udp_flood_moderate,flood,0,
TcpPortScanDetector,300.0,udp_flood_heavy,flood,0,
TcpPortScanDetector,300.0,icmp_flood_moderate,flood,0,
TcpPortScanDetector,300.0,icmp_flood_heavy,flood,0,
TcpPortScanDetector,300.0,busy_web_server_300,flood,0,
TcpPortScanDetector,300.0,voip_stream_400,flood,0,
TcpPortScanDetector,300.0,availability_ping_90,flood,0,
TcpPortScanDetector,300.0,traceroute_burst_30,flood,0,
TcpPortScanDetector,300.0,ssh_brute_slow_8,credentials,0,
TcpPortScanDetector,300.0,ssh_brute_fast_40,credentials,0,
TcpPortScanDetector,300.0,http_brute_slow_12,credentials,0,
TcpPortScanDetector,300.0,http_brute_fast_60,credentials,0,
TcpPortScanDetector,300.0,config_mgmt_ssh_14,credentials,0,
TcpPortScanDetector,300.0,ci_runner_ssh_6,credentials,0,
TcpPortScanDetector,300.0,sso_portal_18,credentials,0,
TcpPortScanDetector,300.0,arp_spoof_light_6,arp,0,
TcpPortScanDetector,300.0,arp_spoof_heavy_30,arp,0,
TcpPortScanDetector,300.0,arp_housekeeping_9,arp,0,
TcpPortScanDetector,300.0,beacon_5s_30,beaconing,0,
TcpPortScanDetector,300.0,beacon_30s_18_jittered,beaconing,0,
TcpPortScanDetector,300.0,beacon_60s_20,beaconing,0,
TcpPortScanDetector,300.0,telemetry_agent_60s_20,beaconing,0,
TcpPortScanDetector,300.0,healthcheck_poll_10s_40,beaconing,0,
TcpPortScanDetector,300.0,human_browsing_burst,beaconing,0,
TcpPortScanDetector,300.0,dns_tunnel_30q,dns,0,
TcpPortScanDetector,300.0,dns_tunnel_120q,dns,0,
TcpPortScanDetector,300.0,cdn_cache_keys_60q,dns,0,
TcpPortScanDetector,300.0,reputation_lookups_80q,dns,0,
TcpPortScanDetector,300.0,resolver_busy_300q,dns,0,
TcpPortScanDetector,300.0,exfil_30mb,exfiltration,0,
TcpPortScanDetector,300.0,exfil_120mb,exfiltration,0,
TcpPortScanDetector,300.0,lateral_smb_15,exfiltration,0,
TcpPortScanDetector,300.0,lateral_smb_40,exfiltration,0,
TcpPortScanDetector,300.0,backup_upload_60mb,exfiltration,0,
TcpPortScanDetector,300.0,video_call_25mb,exfiltration,0,
TcpPortScanDetector,300.0,snmp_poll_18_hosts,exfiltration,0,
TcpPortScanDetector,300.0,fileserver_clients_30,exfiltration,0,
TcpPortScanDetector,300.0,backdoor_port_4444,baseline,0,
TcpPortScanDetector,300.0,irc_client_6667,baseline,0,
TcpPortScanDetector,300.0,ordinary_traffic,baseline,0,
TcpPortScanDetector,3600.0,scan_stealth_12ports,recon,1,12
TcpPortScanDetector,3600.0,scan_moderate_25ports,recon,1,25
TcpPortScanDetector,3600.0,scan_aggressive_60ports,recon,1,60
TcpPortScanDetector,3600.0,scan_ack_25ports,recon,1,25
TcpPortScanDetector,3600.0,lb_backend_probe_10ports,recon,0,10
TcpPortScanDetector,3600.0,service_inventory_14ports,recon,0,12
TcpPortScanDetector,3600.0,browser_session_4ports,recon,0,
TcpPortScanDetector,3600.0,syn_flood_moderate,flood,0,
TcpPortScanDetector,3600.0,syn_flood_heavy,flood,0,
TcpPortScanDetector,3600.0,udp_flood_moderate,flood,0,
TcpPortScanDetector,3600.0,udp_flood_heavy,flood,0,
TcpPortScanDetector,3600.0,icmp_flood_moderate,flood,0,
TcpPortScanDetector,3600.0,icmp_flood_heavy,flood,0,
TcpPortScanDetector,3600.0,busy_web_server_300,flood,0,
TcpPortScanDetector,3600.0,voip_stream_400,flood,0,
TcpPortScanDetector,3600.0,availability_ping_90,flood,0,
TcpPortScanDetector,3600.0,traceroute_burst_30,flood,0,
TcpPortScanDetector,3600.0,ssh_brute_slow_8,credentials,0,
TcpPortScanDetector,3600.0,ssh_brute_fast_40,credentials,0,
TcpPortScanDetector,3600.0,http_brute_slow_12,credentials,0,
TcpPortScanDetector,3600.0,http_brute_fast_60,credentials,0,
TcpPortScanDetector,3600.0,config_mgmt_ssh_14,credentials,0,
TcpPortScanDetector,3600.0,ci_runner_ssh_6,credentials,0,
TcpPortScanDetector,3600.0,sso_portal_18,credentials,0,
TcpPortScanDetector,3600.0,arp_spoof_light_6,arp,0,
TcpPortScanDetector,3600.0,arp_spoof_heavy_30,arp,0,
TcpPortScanDetector,3600.0,arp_housekeeping_9,arp,0,
TcpPortScanDetector,3600.0,beacon_5s_30,beaconing,0,
TcpPortScanDetector,3600.0,beacon_30s_18_jittered,beaconing,0,
TcpPortScanDetector,3600.0,beacon_60s_20,beaconing,0,
TcpPortScanDetector,3600.0,telemetry_agent_60s_20,beaconing,0,
TcpPortScanDetector,3600.0,healthcheck_poll_10s_40,beaconing,0,
TcpPortScanDetector,3600.0,human_browsing_burst,beaconing,0,
TcpPortScanDetector,3600.0,dns_tunnel_30q,dns,0,
TcpPortScanDetector,3600.0,dns_tunnel_120q,dns,0,
TcpPortScanDetector,3600.0,cdn_cache_keys_60q,dns,0,
TcpPortScanDetector,3600.0,reputation_lookups_80q,dns,0,
TcpPortScanDetector,3600.0,resolver_busy_300q,dns,0,
TcpPortScanDetector,3600.0,exfil_30mb,exfiltration,0,
TcpPortScanDetector,3600.0,exfil_120mb,exfiltration,0,
TcpPortScanDetector,3600.0,lateral_smb_15,exfiltration,0,
TcpPortScanDetector,3600.0,lateral_smb_40,exfiltration,0,
TcpPortScanDetector,3600.0,backup_upload_60mb,exfiltration,0,
TcpPortScanDetector,3600.0,video_call_25mb,exfiltration,0,
TcpPortScanDetector,3600.0,snmp_poll_18_hosts,exfiltration,0,
TcpPortScanDetector,3600.0,fileserver_clients_30,exfiltration,0,
TcpPortScanDetector,3600.0,backdoor_port_4444,baseline,0,
TcpPortScanDetector,3600.0,irc_client_6667,baseline,0,
TcpPortScanDetector,3600.0,ordinary_traffic,baseline,0,
UdpFloodDetector,1.0,scan_stealth_12ports,recon,0,
UdpFloodDetector,1.0,scan_moderate_25ports,recon,0,
UdpFloodDetector,1.0,scan_aggressive_60ports,recon,0,
UdpFloodDetector,1.0,scan_ack_25ports,recon,0,
UdpFloodDetector,1.0,lb_backend_probe_10ports,recon,0,
UdpFloodDetector,1.0,service_inventory_14ports,recon,0,
UdpFloodDetector,1.0,browser_session_4ports,recon,0,
UdpFloodDetector,1.0,syn_flood_moderate,flood,0,
UdpFloodDetector,1.0,syn_flood_heavy,flood,0,
UdpFloodDetector,1.0,udp_flood_moderate,flood,1,50
UdpFloodDetector,1.0,udp_flood_heavy,flood,1,400
UdpFloodDetector,1.0,icmp_flood_moderate,flood,0,
UdpFloodDetector,1.0,icmp_flood_heavy,flood,0,
UdpFloodDetector,1.0,busy_web_server_300,flood,0,
UdpFloodDetector,1.0,voip_stream_400,flood,0,
UdpFloodDetector,1.0,availability_ping_90,flood,0,
UdpFloodDetector,1.0,traceroute_burst_30,flood,0,
UdpFloodDetector,1.0,ssh_brute_slow_8,credentials,0,
UdpFloodDetector,1.0,ssh_brute_fast_40,credentials,0,
UdpFloodDetector,1.0,http_brute_slow_12,credentials,0,
UdpFloodDetector,1.0,http_brute_fast_60,credentials,0,
UdpFloodDetector,1.0,config_mgmt_ssh_14,credentials,0,
UdpFloodDetector,1.0,ci_runner_ssh_6,credentials,0,
UdpFloodDetector,1.0,sso_portal_18,credentials,0,
UdpFloodDetector,1.0,arp_spoof_light_6,arp,0,
UdpFloodDetector,1.0,arp_spoof_heavy_30,arp,0,
UdpFloodDetector,1.0,arp_housekeeping_9,arp,0,
UdpFloodDetector,1.0,beacon_5s_30,beaconing,0,
UdpFloodDetector,1.0,beacon_30s_18_jittered,beaconing,0,
UdpFloodDetector,1.0,beacon_60s_20,beaconing,0,
UdpFloodDetector,1.0,telemetry_agent_60s_20,beaconing,0,
UdpFloodDetector,1.0,healthcheck_poll_10s_40,beaconing,0,
UdpFloodDetector,1.0,human_browsing_burst,beaconing,0,
UdpFloodDetector,1.0,dns_tunnel_30q,dns,0,
UdpFloodDetector,1.0,dns_tunnel_120q,dns,0,
UdpFloodDetector,1.0,cdn_cache_keys_60q,dns,0,
UdpFloodDetector,1.0,reputation_lookups_80q,dns,0,
UdpFloodDetector,1.0,resolver_busy_300q,dns,0,
UdpFloodDetector,1.0,exfil_30mb,exfiltration,0,
UdpFloodDetector,1.0,exfil_120mb,exfiltration,0,
UdpFloodDetector,1.0,lateral_smb_15,exfiltration,0,
UdpFloodDetector,1.0,lateral_smb_40,exfiltration,0,
UdpFloodDetector,1.0,backup_upload_60mb,exfiltration,0,
UdpFloodDetector,1.0,video_call_25mb,exfiltration,0,
UdpFloodDetector,1.0,snmp_poll_18_hosts,exfiltration,0,
UdpFloodDetector,1.0,fileserver_clients_30,exfiltration,0,
UdpFloodDetector,1.0,backdoor_port_4444,baseline,0,
UdpFloodDetector,1.0,irc_client_6667,baseline,0,
UdpFloodDetector,1.0,ordinary_traffic,baseline,0,
UdpFloodDetector,5.0,scan_stealth_12ports,recon,0,
UdpFloodDetector,5.0,scan_moderate_25ports,recon,0,
UdpFloodDetector,5.0,scan_aggressive_60ports,recon,0,
UdpFloodDetector,5.0,scan_ack_25ports,recon,0,
UdpFloodDetector,5.0,lb_backend_probe_10ports,recon,0,
UdpFloodDetector,5.0,service_inventory_14ports,recon,0,
UdpFloodDetector,5.0,browser_session_4ports,recon,0,
UdpFloodDetector,5.0,syn_flood_moderate,flood,0,
UdpFloodDetector,5.0,syn_flood_heavy,flood,0,
UdpFloodDetector,5.0,udp_flood_moderate,flood,1,250
UdpFloodDetector,5.0,udp_flood_heavy,flood,1,900
UdpFloodDetector,5.0,icmp_flood_moderate,flood,0,
UdpFloodDetector,5.0,icmp_flood_heavy,flood,0,
UdpFloodDetector,5.0,busy_web_server_300,flood,0,
UdpFloodDetector,5.0,voip_stream_400,flood,0,200
UdpFloodDetector,5.0,availability_ping_90,flood,0,
UdpFloodDetector,5.0,traceroute_burst_30,flood,0,
UdpFloodDetector,5.0,ssh_brute_slow_8,credentials,0,
UdpFloodDetector,5.0,ssh_brute_fast_40,credentials,0,
UdpFloodDetector,5.0,http_brute_slow_12,credentials,0,
UdpFloodDetector,5.0,http_brute_fast_60,credentials,0,
UdpFloodDetector,5.0,config_mgmt_ssh_14,credentials,0,
UdpFloodDetector,5.0,ci_runner_ssh_6,credentials,0,
UdpFloodDetector,5.0,sso_portal_18,credentials,0,
UdpFloodDetector,5.0,arp_spoof_light_6,arp,0,
UdpFloodDetector,5.0,arp_spoof_heavy_30,arp,0,
UdpFloodDetector,5.0,arp_housekeeping_9,arp,0,
UdpFloodDetector,5.0,beacon_5s_30,beaconing,0,
UdpFloodDetector,5.0,beacon_30s_18_jittered,beaconing,0,
UdpFloodDetector,5.0,beacon_60s_20,beaconing,0,
UdpFloodDetector,5.0,telemetry_agent_60s_20,beaconing,0,
UdpFloodDetector,5.0,healthcheck_poll_10s_40,beaconing,0,
UdpFloodDetector,5.0,human_browsing_burst,beaconing,0,
UdpFloodDetector,5.0,dns_tunnel_30q,dns,0,
UdpFloodDetector,5.0,dns_tunnel_120q,dns,0,
UdpFloodDetector,5.0,cdn_cache_keys_60q,dns,0,
UdpFloodDetector,5.0,reputation_lookups_80q,dns,0,
UdpFloodDetector,5.0,resolver_busy_300q,dns,0,
UdpFloodDetector,5.0,exfil_30mb,exfiltration,0,
UdpFloodDetector,5.0,exfil_120mb,exfiltration,0,
UdpFloodDetector,5.0,lateral_smb_15,exfiltration,0,
UdpFloodDetector,5.0,lateral_smb_40,exfiltration,0,
UdpFloodDetector,5.0,backup_upload_60mb,exfiltration,0,
UdpFloodDetector,5.0,video_call_25mb,exfiltration,0,
UdpFloodDetector,5.0,snmp_poll_18_hosts,exfiltration,0,
UdpFloodDetector,5.0,fileserver_clients_30,exfiltration,0,
UdpFloodDetector,5.0,backdoor_port_4444,baseline,0,
UdpFloodDetector,5.0,irc_client_6667,baseline,0,
UdpFloodDetector,5.0,ordinary_traffic,baseline,0,
UdpFloodDetector,10.0,scan_stealth_12ports,recon,0,
UdpFloodDetector,10.0,scan_moderate_25ports,recon,0,
UdpFloodDetector,10.0,scan_aggressive_60ports,recon,0,
UdpFloodDetector,10.0,scan_ack_25ports,recon,0,
UdpFloodDetector,10.0,lb_backend_probe_10ports,recon,0,
UdpFloodDetector,10.0,service_inventory_14ports,recon,0,
UdpFloodDetector,10.0,browser_session_4ports,recon,0,
UdpFloodDetector,10.0,syn_flood_moderate,flood,0,
UdpFloodDetector,10.0,syn_flood_heavy,flood,0,
UdpFloodDetector,10.0,udp_flood_moderate,flood,1,250
UdpFloodDetector,10.0,udp_flood_heavy,flood,1,900
UdpFloodDetector,10.0,icmp_flood_moderate,flood,0,
UdpFloodDetector,10.0,icmp_flood_heavy,flood,0,
UdpFloodDetector,10.0,busy_web_server_300,flood,0,
UdpFloodDetector,10.0,voip_stream_400,flood,0,400
UdpFloodDetector,10.0,availability_ping_90,flood,0,
UdpFloodDetector,10.0,traceroute_burst_30,flood,0,
UdpFloodDetector,10.0,ssh_brute_slow_8,credentials,0,
UdpFloodDetector,10.0,ssh_brute_fast_40,credentials,0,
UdpFloodDetector,10.0,http_brute_slow_12,credentials,0,
UdpFloodDetector,10.0,http_brute_fast_60,credentials,0,
UdpFloodDetector,10.0,config_mgmt_ssh_14,credentials,0,
UdpFloodDetector,10.0,ci_runner_ssh_6,credentials,0,
UdpFloodDetector,10.0,sso_portal_18,credentials,0,
UdpFloodDetector,10.0,arp_spoof_light_6,arp,0,
UdpFloodDetector,10.0,arp_spoof_heavy_30,arp,0,
UdpFloodDetector,10.0,arp_housekeeping_9,arp,0,
UdpFloodDetector,10.0,beacon_5s_30,beaconing,0,
UdpFloodDetector,10.0,beacon_30s_18_jittered,beaconing,0,
UdpFloodDetector,10.0,beacon_60s_20,beaconing,0,
UdpFloodDetector,10.0,telemetry_agent_60s_20,beaconing,0,
UdpFloodDetector,10.0,healthcheck_poll_10s_40,beaconing,0,
UdpFloodDetector,10.0,human_browsing_burst,beaconing,0,
UdpFloodDetector,10.0,dns_tunnel_30q,dns,0,
UdpFloodDetector,10.0,dns_tunnel_120q,dns,0,
UdpFloodDetector,10.0,cdn_cache_keys_60q,dns,0,
UdpFloodDetector,10.0,reputation_lookups_80q,dns,0,
UdpFloodDetector,10.0,resolver_busy_300q,dns,0,
UdpFloodDetector,10.0,exfil_30mb,exfiltration,0,
UdpFloodDetector,10.0,exfil_120mb,exfiltration,0,
UdpFloodDetector,10.0,lateral_smb_15,exfiltration,0,
UdpFloodDetector,10.0,lateral_smb_40,exfiltration,0,
UdpFloodDetector,10.0,backup_upload_60mb,exfiltration,0,
UdpFloodDetector,10.0,video_call_25mb,exfiltration,0,
UdpFloodDetector,10.0,snmp_poll_18_hosts,exfiltration,0,
UdpFloodDetector,10.0,fileserver_clients_30,exfiltration,0,
UdpFloodDetector,10.0,backdoor_port_4444,baseline,0,
UdpFloodDetector,10.0,irc_client_6667,baseline,0,
UdpFloodDetector,10.0,ordinary_traffic,baseline,0,
UdpFloodDetector,30.0,scan_stealth_12ports,recon,0,
UdpFloodDetector,30.0,scan_moderate_25ports,recon,0,
UdpFloodDetector,30.0,scan_aggressive_60ports,recon,0,
UdpFloodDetector,30.0,scan_ack_25ports,recon,0,
UdpFloodDetector,30.0,lb_backend_probe_10ports,recon,0,
UdpFloodDetector,30.0,service_inventory_14ports,recon,0,
UdpFloodDetector,30.0,browser_session_4ports,recon,0,
UdpFloodDetector,30.0,syn_flood_moderate,flood,0,
UdpFloodDetector,30.0,syn_flood_heavy,flood,0,
UdpFloodDetector,30.0,udp_flood_moderate,flood,1,250
UdpFloodDetector,30.0,udp_flood_heavy,flood,1,900
UdpFloodDetector,30.0,icmp_flood_moderate,flood,0,
UdpFloodDetector,30.0,icmp_flood_heavy,flood,0,
UdpFloodDetector,30.0,busy_web_server_300,flood,0,
UdpFloodDetector,30.0,voip_stream_400,flood,0,400
UdpFloodDetector,30.0,availability_ping_90,flood,0,
UdpFloodDetector,30.0,traceroute_burst_30,flood,0,
UdpFloodDetector,30.0,ssh_brute_slow_8,credentials,0,
UdpFloodDetector,30.0,ssh_brute_fast_40,credentials,0,
UdpFloodDetector,30.0,http_brute_slow_12,credentials,0,
UdpFloodDetector,30.0,http_brute_fast_60,credentials,0,
UdpFloodDetector,30.0,config_mgmt_ssh_14,credentials,0,
UdpFloodDetector,30.0,ci_runner_ssh_6,credentials,0,
UdpFloodDetector,30.0,sso_portal_18,credentials,0,
UdpFloodDetector,30.0,arp_spoof_light_6,arp,0,
UdpFloodDetector,30.0,arp_spoof_heavy_30,arp,0,
UdpFloodDetector,30.0,arp_housekeeping_9,arp,0,
UdpFloodDetector,30.0,beacon_5s_30,beaconing,0,
UdpFloodDetector,30.0,beacon_30s_18_jittered,beaconing,0,
UdpFloodDetector,30.0,beacon_60s_20,beaconing,0,
UdpFloodDetector,30.0,telemetry_agent_60s_20,beaconing,0,
UdpFloodDetector,30.0,healthcheck_poll_10s_40,beaconing,0,
UdpFloodDetector,30.0,human_browsing_burst,beaconing,0,
UdpFloodDetector,30.0,dns_tunnel_30q,dns,0,
UdpFloodDetector,30.0,dns_tunnel_120q,dns,0,
UdpFloodDetector,30.0,cdn_cache_keys_60q,dns,0,
UdpFloodDetector,30.0,reputation_lookups_80q,dns,0,
UdpFloodDetector,30.0,resolver_busy_300q,dns,0,
UdpFloodDetector,30.0,exfil_30mb,exfiltration,0,
UdpFloodDetector,30.0,exfil_120mb,exfiltration,0,
UdpFloodDetector,30.0,lateral_smb_15,exfiltration,0,
UdpFloodDetector,30.0,lateral_smb_40,exfiltration,0,
UdpFloodDetector,30.0,backup_upload_60mb,exfiltration,0,
UdpFloodDetector,30.0,video_call_25mb,exfiltration,0,
UdpFloodDetector,30.0,snmp_poll_18_hosts,exfiltration,0,
UdpFloodDetector,30.0,fileserver_clients_30,exfiltration,0,
UdpFloodDetector,30.0,backdoor_port_4444,baseline,0,
UdpFloodDetector,30.0,irc_client_6667,baseline,0,
UdpFloodDetector,30.0,ordinary_traffic,baseline,0,
UdpFloodDetector,60.0,scan_stealth_12ports,recon,0,
UdpFloodDetector,60.0,scan_moderate_25ports,recon,0,
UdpFloodDetector,60.0,scan_aggressive_60ports,recon,0,
UdpFloodDetector,60.0,scan_ack_25ports,recon,0,
UdpFloodDetector,60.0,lb_backend_probe_10ports,recon,0,
UdpFloodDetector,60.0,service_inventory_14ports,recon,0,
UdpFloodDetector,60.0,browser_session_4ports,recon,0,
UdpFloodDetector,60.0,syn_flood_moderate,flood,0,
UdpFloodDetector,60.0,syn_flood_heavy,flood,0,
UdpFloodDetector,60.0,udp_flood_moderate,flood,1,250
UdpFloodDetector,60.0,udp_flood_heavy,flood,1,900
UdpFloodDetector,60.0,icmp_flood_moderate,flood,0,
UdpFloodDetector,60.0,icmp_flood_heavy,flood,0,
UdpFloodDetector,60.0,busy_web_server_300,flood,0,
UdpFloodDetector,60.0,voip_stream_400,flood,0,400
UdpFloodDetector,60.0,availability_ping_90,flood,0,
UdpFloodDetector,60.0,traceroute_burst_30,flood,0,
UdpFloodDetector,60.0,ssh_brute_slow_8,credentials,0,
UdpFloodDetector,60.0,ssh_brute_fast_40,credentials,0,
UdpFloodDetector,60.0,http_brute_slow_12,credentials,0,
UdpFloodDetector,60.0,http_brute_fast_60,credentials,0,
UdpFloodDetector,60.0,config_mgmt_ssh_14,credentials,0,
UdpFloodDetector,60.0,ci_runner_ssh_6,credentials,0,
UdpFloodDetector,60.0,sso_portal_18,credentials,0,
UdpFloodDetector,60.0,arp_spoof_light_6,arp,0,
UdpFloodDetector,60.0,arp_spoof_heavy_30,arp,0,
UdpFloodDetector,60.0,arp_housekeeping_9,arp,0,
UdpFloodDetector,60.0,beacon_5s_30,beaconing,0,
UdpFloodDetector,60.0,beacon_30s_18_jittered,beaconing,0,
UdpFloodDetector,60.0,beacon_60s_20,beaconing,0,
UdpFloodDetector,60.0,telemetry_agent_60s_20,beaconing,0,
UdpFloodDetector,60.0,healthcheck_poll_10s_40,beaconing,0,
UdpFloodDetector,60.0,human_browsing_burst,beaconing,0,
UdpFloodDetector,60.0,dns_tunnel_30q,dns,0,
UdpFloodDetector,60.0,dns_tunnel_120q,dns,0,
UdpFloodDetector,60.0,cdn_cache_keys_60q,dns,0,
UdpFloodDetector,60.0,reputation_lookups_80q,dns,0,
UdpFloodDetector,60.0,resolver_busy_300q,dns,0,
UdpFloodDetector,60.0,exfil_30mb,exfiltration,0,
UdpFloodDetector,60.0,exfil_120mb,exfiltration,0,
UdpFloodDetector,60.0,lateral_smb_15,exfiltration,0,
UdpFloodDetector,60.0,lateral_smb_40,exfiltration,0,
UdpFloodDetector,60.0,backup_upload_60mb,exfiltration,0,
UdpFloodDetector,60.0,video_call_25mb,exfiltration,0,
UdpFloodDetector,60.0,snmp_poll_18_hosts,exfiltration,0,
UdpFloodDetector,60.0,fileserver_clients_30,exfiltration,0,
UdpFloodDetector,60.0,backdoor_port_4444,baseline,0,
UdpFloodDetector,60.0,irc_client_6667,baseline,0,
UdpFloodDetector,60.0,ordinary_traffic,baseline,0,
UdpFloodDetector,300.0,scan_stealth_12ports,recon,0,
UdpFloodDetector,300.0,scan_moderate_25ports,recon,0,
UdpFloodDetector,300.0,scan_aggressive_60ports,recon,0,
UdpFloodDetector,300.0,scan_ack_25ports,recon,0,
UdpFloodDetector,300.0,lb_backend_probe_10ports,recon,0,
UdpFloodDetector,300.0,service_inventory_14ports,recon,0,
UdpFloodDetector,300.0,browser_session_4ports,recon,0,
UdpFloodDetector,300.0,syn_flood_moderate,flood,0,
UdpFloodDetector,300.0,syn_flood_heavy,flood,0,
UdpFloodDetector,300.0,udp_flood_moderate,flood,1,250
UdpFloodDetector,300.0,udp_flood_heavy,flood,1,900
UdpFloodDetector,300.0,icmp_flood_moderate,flood,0,
UdpFloodDetector,300.0,icmp_flood_heavy,flood,0,
UdpFloodDetector,300.0,busy_web_server_300,flood,0,
UdpFloodDetector,300.0,voip_stream_400,flood,0,400
UdpFloodDetector,300.0,availability_ping_90,flood,0,
UdpFloodDetector,300.0,traceroute_burst_30,flood,0,
UdpFloodDetector,300.0,ssh_brute_slow_8,credentials,0,
UdpFloodDetector,300.0,ssh_brute_fast_40,credentials,0,
UdpFloodDetector,300.0,http_brute_slow_12,credentials,0,
UdpFloodDetector,300.0,http_brute_fast_60,credentials,0,
UdpFloodDetector,300.0,config_mgmt_ssh_14,credentials,0,
UdpFloodDetector,300.0,ci_runner_ssh_6,credentials,0,
UdpFloodDetector,300.0,sso_portal_18,credentials,0,
UdpFloodDetector,300.0,arp_spoof_light_6,arp,0,
UdpFloodDetector,300.0,arp_spoof_heavy_30,arp,0,
UdpFloodDetector,300.0,arp_housekeeping_9,arp,0,
UdpFloodDetector,300.0,beacon_5s_30,beaconing,0,
UdpFloodDetector,300.0,beacon_30s_18_jittered,beaconing,0,
UdpFloodDetector,300.0,beacon_60s_20,beaconing,0,
UdpFloodDetector,300.0,telemetry_agent_60s_20,beaconing,0,
UdpFloodDetector,300.0,healthcheck_poll_10s_40,beaconing,0,
UdpFloodDetector,300.0,human_browsing_burst,beaconing,0,
UdpFloodDetector,300.0,dns_tunnel_30q,dns,0,
UdpFloodDetector,300.0,dns_tunnel_120q,dns,0,
UdpFloodDetector,300.0,cdn_cache_keys_60q,dns,0,
UdpFloodDetector,300.0,reputation_lookups_80q,dns,0,
UdpFloodDetector,300.0,resolver_busy_300q,dns,0,
UdpFloodDetector,300.0,exfil_30mb,exfiltration,0,
UdpFloodDetector,300.0,exfil_120mb,exfiltration,0,
UdpFloodDetector,300.0,lateral_smb_15,exfiltration,0,
UdpFloodDetector,300.0,lateral_smb_40,exfiltration,0,
UdpFloodDetector,300.0,backup_upload_60mb,exfiltration,0,
UdpFloodDetector,300.0,video_call_25mb,exfiltration,0,
UdpFloodDetector,300.0,snmp_poll_18_hosts,exfiltration,0,
UdpFloodDetector,300.0,fileserver_clients_30,exfiltration,0,
UdpFloodDetector,300.0,backdoor_port_4444,baseline,0,
UdpFloodDetector,300.0,irc_client_6667,baseline,0,
UdpFloodDetector,300.0,ordinary_traffic,baseline,0,
UdpFloodDetector,3600.0,scan_stealth_12ports,recon,0,
UdpFloodDetector,3600.0,scan_moderate_25ports,recon,0,
UdpFloodDetector,3600.0,scan_aggressive_60ports,recon,0,
UdpFloodDetector,3600.0,scan_ack_25ports,recon,0,
UdpFloodDetector,3600.0,lb_backend_probe_10ports,recon,0,
UdpFloodDetector,3600.0,service_inventory_14ports,recon,0,
UdpFloodDetector,3600.0,browser_session_4ports,recon,0,
UdpFloodDetector,3600.0,syn_flood_moderate,flood,0,
UdpFloodDetector,3600.0,syn_flood_heavy,flood,0,
UdpFloodDetector,3600.0,udp_flood_moderate,flood,1,250
UdpFloodDetector,3600.0,udp_flood_heavy,flood,1,900
UdpFloodDetector,3600.0,icmp_flood_moderate,flood,0,
UdpFloodDetector,3600.0,icmp_flood_heavy,flood,0,
UdpFloodDetector,3600.0,busy_web_server_300,flood,0,
UdpFloodDetector,3600.0,voip_stream_400,flood,0,400
UdpFloodDetector,3600.0,availability_ping_90,flood,0,
UdpFloodDetector,3600.0,traceroute_burst_30,flood,0,
UdpFloodDetector,3600.0,ssh_brute_slow_8,credentials,0,
UdpFloodDetector,3600.0,ssh_brute_fast_40,credentials,0,
UdpFloodDetector,3600.0,http_brute_slow_12,credentials,0,
UdpFloodDetector,3600.0,http_brute_fast_60,credentials,0,
UdpFloodDetector,3600.0,config_mgmt_ssh_14,credentials,0,
UdpFloodDetector,3600.0,ci_runner_ssh_6,credentials,0,
UdpFloodDetector,3600.0,sso_portal_18,credentials,0,
UdpFloodDetector,3600.0,arp_spoof_light_6,arp,0,
UdpFloodDetector,3600.0,arp_spoof_heavy_30,arp,0,
UdpFloodDetector,3600.0,arp_housekeeping_9,arp,0,
UdpFloodDetector,3600.0,beacon_5s_30,beaconing,0,
UdpFloodDetector,3600.0,beacon_30s_18_jittered,beaconing,0,
UdpFloodDetector,3600.0,beacon_60s_20,beaconing,0,
UdpFloodDetector,3600.0,telemetry_agent_60s_20,beaconing,0,
UdpFloodDetector,3600.0,healthcheck_poll_10s_40,beaconing,0,
UdpFloodDetector,3600.0,human_browsing_burst,beaconing,0,
UdpFloodDetector,3600.0,dns_tunnel_30q,dns,0,
UdpFloodDetector,3600.0,dns_tunnel_120q,dns,0,
UdpFloodDetector,3600.0,cdn_cache_keys_60q,dns,0,
UdpFloodDetector,3600.0,reputation_lookups_80q,dns,0,
UdpFloodDetector,3600.0,resolver_busy_300q,dns,0,
UdpFloodDetector,3600.0,exfil_30mb,exfiltration,0,
UdpFloodDetector,3600.0,exfil_120mb,exfiltration,0,
UdpFloodDetector,3600.0,lateral_smb_15,exfiltration,0,
UdpFloodDetector,3600.0,lateral_smb_40,exfiltration,0,
UdpFloodDetector,3600.0,backup_upload_60mb,exfiltration,0,
UdpFloodDetector,3600.0,video_call_25mb,exfiltration,0,
UdpFloodDetector,3600.0,snmp_poll_18_hosts,exfiltration,0,
UdpFloodDetector,3600.0,fileserver_clients_30,exfiltration,0,
UdpFloodDetector,3600.0,backdoor_port_4444,baseline,0,
UdpFloodDetector,3600.0,irc_client_6667,baseline,0,
UdpFloodDetector,3600.0,ordinary_traffic,baseline,0,
